command,language,intent,action
open the plan section,en,nav.goto,navigate(section)
jarvis open the plan section,en,nav.goto,navigate(section)
open the plan section jarvis,en,nav.goto,navigate(section)
open the intelligence section,en,nav.goto,navigate(section)
jarvis open the intelligence section,en,nav.goto,navigate(section)
open the intelligence section jarvis,en,nav.goto,navigate(section)
go to plan,en,nav.goto,navigate(section)
jarvis go to plan,en,nav.goto,navigate(section)
go to plan jarvis,en,nav.goto,navigate(section)
go to intelligence,en,nav.goto,navigate(section)
jarvis go to intelligence,en,nav.goto,navigate(section)
go to intelligence jarvis,en,nav.goto,navigate(section)
show me plan,en,nav.goto,navigate(section)
jarvis show me plan,en,nav.goto,navigate(section)
show me plan jarvis,en,nav.goto,navigate(section)
show me intelligence,en,nav.goto,navigate(section)
jarvis show me intelligence,en,nav.goto,navigate(section)
show me intelligence jarvis,en,nav.goto,navigate(section)
take me to plan,en,nav.goto,navigate(section)
jarvis take me to plan,en,nav.goto,navigate(section)
take me to plan jarvis,en,nav.goto,navigate(section)
take me to intelligence,en,nav.goto,navigate(section)
jarvis take me to intelligence,en,nav.goto,navigate(section)
take me to intelligence jarvis,en,nav.goto,navigate(section)
plan खोलो,hi,nav.goto,navigate(section)
jarvis plan खोलो,hi,nav.goto,navigate(section)
plan खोलो jarvis,hi,nav.goto,navigate(section)
intelligence खोलो,hi,nav.goto,navigate(section)
jarvis intelligence खोलो,hi,nav.goto,navigate(section)
intelligence खोलो jarvis,hi,nav.goto,navigate(section)
plan पर जाओ,hi,nav.goto,navigate(section)
jarvis plan पर जाओ,hi,nav.goto,navigate(section)
plan पर जाओ jarvis,hi,nav.goto,navigate(section)
intelligence पर जाओ,hi,nav.goto,navigate(section)
jarvis intelligence पर जाओ,hi,nav.goto,navigate(section)
intelligence पर जाओ jarvis,hi,nav.goto,navigate(section)
plan दिखाओ,hi,nav.goto,navigate(section)
jarvis plan दिखाओ,hi,nav.goto,navigate(section)
plan दिखाओ jarvis,hi,nav.goto,navigate(section)
intelligence दिखाओ,hi,nav.goto,navigate(section)
jarvis intelligence दिखाओ,hi,nav.goto,navigate(section)
intelligence दिखाओ jarvis,hi,nav.goto,navigate(section)
plan सेक्शन पर ले चलो,hi,nav.goto,navigate(section)
jarvis plan सेक्शन पर ले चलो,hi,nav.goto,navigate(section)
plan सेक्शन पर ले चलो jarvis,hi,nav.goto,navigate(section)
intelligence सेक्शन पर ले चलो,hi,nav.goto,navigate(section)
jarvis intelligence सेक्शन पर ले चलो,hi,nav.goto,navigate(section)
intelligence सेक्शन पर ले चलो jarvis,hi,nav.goto,navigate(section)
plan section kholo,hinglish,nav.goto,navigate(section)
jarvis plan section kholo,hinglish,nav.goto,navigate(section)
plan section kholo jarvis,hinglish,nav.goto,navigate(section)
intelligence section kholo,hinglish,nav.goto,navigate(section)
jarvis intelligence section kholo,hinglish,nav.goto,navigate(section)
intelligence section kholo jarvis,hinglish,nav.goto,navigate(section)
plan pe le chalo,hinglish,nav.goto,navigate(section)
jarvis plan pe le chalo,hinglish,nav.goto,navigate(section)
plan pe le chalo jarvis,hinglish,nav.goto,navigate(section)
intelligence pe le chalo,hinglish,nav.goto,navigate(section)
jarvis intelligence pe le chalo,hinglish,nav.goto,navigate(section)
intelligence pe le chalo jarvis,hinglish,nav.goto,navigate(section)
plan dikhao,hinglish,nav.goto,navigate(section)
jarvis plan dikhao,hinglish,nav.goto,navigate(section)
plan dikhao jarvis,hinglish,nav.goto,navigate(section)
intelligence dikhao,hinglish,nav.goto,navigate(section)
jarvis intelligence dikhao,hinglish,nav.goto,navigate(section)
intelligence dikhao jarvis,hinglish,nav.goto,navigate(section)
plan wala part khol do,hinglish,nav.goto,navigate(section)
jarvis plan wala part khol do,hinglish,nav.goto,navigate(section)
plan wala part khol do jarvis,hinglish,nav.goto,navigate(section)
intelligence wala part khol do,hinglish,nav.goto,navigate(section)
jarvis intelligence wala part khol do,hinglish,nav.goto,navigate(section)
intelligence wala part khol do jarvis,hinglish,nav.goto,navigate(section)
start a 25 minute focus session,en,timer.start,focusTimer.start(min)
jarvis start a 25 minute focus session,en,timer.start,focusTimer.start(min)
start a 25 minute focus session jarvis,en,timer.start,focusTimer.start(min)
start a 30 minute focus session,en,timer.start,focusTimer.start(min)
jarvis start a 30 minute focus session,en,timer.start,focusTimer.start(min)
start a 30 minute focus session jarvis,en,timer.start,focusTimer.start(min)
begin focus for 25 minutes,en,timer.start,focusTimer.start(min)
jarvis begin focus for 25 minutes,en,timer.start,focusTimer.start(min)
begin focus for 25 minutes jarvis,en,timer.start,focusTimer.start(min)
begin focus for 30 minutes,en,timer.start,focusTimer.start(min)
jarvis begin focus for 30 minutes,en,timer.start,focusTimer.start(min)
begin focus for 30 minutes jarvis,en,timer.start,focusTimer.start(min)
start studying,en,timer.start,focusTimer.start(min)
jarvis start studying,en,timer.start,focusTimer.start(min)
start studying jarvis,en,timer.start,focusTimer.start(min)
focus mode on,en,timer.start,focusTimer.start(min)
jarvis focus mode on,en,timer.start,focusTimer.start(min)
focus mode on jarvis,en,timer.start,focusTimer.start(min)
25 मिनट की पढ़ाई शुरू करो,hi,timer.start,focusTimer.start(min)
jarvis 25 मिनट की पढ़ाई शुरू करो,hi,timer.start,focusTimer.start(min)
25 मिनट की पढ़ाई शुरू करो jarvis,hi,timer.start,focusTimer.start(min)
30 मिनट की पढ़ाई शुरू करो,hi,timer.start,focusTimer.start(min)
jarvis 30 मिनट की पढ़ाई शुरू करो,hi,timer.start,focusTimer.start(min)
30 मिनट की पढ़ाई शुरू करो jarvis,hi,timer.start,focusTimer.start(min)
फोकस शुरू करो,hi,timer.start,focusTimer.start(min)
jarvis फोकस शुरू करो,hi,timer.start,focusTimer.start(min)
फोकस शुरू करो jarvis,hi,timer.start,focusTimer.start(min)
पढ़ाई चालू करो,hi,timer.start,focusTimer.start(min)
jarvis पढ़ाई चालू करो,hi,timer.start,focusTimer.start(min)
पढ़ाई चालू करो jarvis,hi,timer.start,focusTimer.start(min)
टाइमर शुरू करो,hi,timer.start,focusTimer.start(min)
jarvis टाइमर शुरू करो,hi,timer.start,focusTimer.start(min)
टाइमर शुरू करो jarvis,hi,timer.start,focusTimer.start(min)
25 minute ka focus start karo,hinglish,timer.start,focusTimer.start(min)
jarvis 25 minute ka focus start karo,hinglish,timer.start,focusTimer.start(min)
25 minute ka focus start karo jarvis,hinglish,timer.start,focusTimer.start(min)
30 minute ka focus start karo,hinglish,timer.start,focusTimer.start(min)
jarvis 30 minute ka focus start karo,hinglish,timer.start,focusTimer.start(min)
30 minute ka focus start karo jarvis,hinglish,timer.start,focusTimer.start(min)
padhai shuru karo,hinglish,timer.start,focusTimer.start(min)
jarvis padhai shuru karo,hinglish,timer.start,focusTimer.start(min)
padhai shuru karo jarvis,hinglish,timer.start,focusTimer.start(min)
focus chalu kar do,hinglish,timer.start,focusTimer.start(min)
jarvis focus chalu kar do,hinglish,timer.start,focusTimer.start(min)
focus chalu kar do jarvis,hinglish,timer.start,focusTimer.start(min)
timer start kar do,hinglish,timer.start,focusTimer.start(min)
jarvis timer start kar do,hinglish,timer.start,focusTimer.start(min)
timer start kar do jarvis,hinglish,timer.start,focusTimer.start(min)
stop the timer,en,timer.stop,focusTimer.stop()
jarvis stop the timer,en,timer.stop,focusTimer.stop()
stop the timer jarvis,en,timer.stop,focusTimer.stop()
end the session,en,timer.stop,focusTimer.stop()
jarvis end the session,en,timer.stop,focusTimer.stop()
end the session jarvis,en,timer.stop,focusTimer.stop()
stop focus,en,timer.stop,focusTimer.stop()
jarvis stop focus,en,timer.stop,focusTimer.stop()
stop focus jarvis,en,timer.stop,focusTimer.stop()
pause studying,en,timer.stop,focusTimer.stop()
jarvis pause studying,en,timer.stop,focusTimer.stop()
pause studying jarvis,en,timer.stop,focusTimer.stop()
टाइमर बंद करो,hi,timer.stop,focusTimer.stop()
jarvis टाइमर बंद करो,hi,timer.stop,focusTimer.stop()
टाइमर बंद करो jarvis,hi,timer.stop,focusTimer.stop()
सेशन खत्म करो,hi,timer.stop,focusTimer.stop()
jarvis सेशन खत्म करो,hi,timer.stop,focusTimer.stop()
सेशन खत्म करो jarvis,hi,timer.stop,focusTimer.stop()
फोकस रोको,hi,timer.stop,focusTimer.stop()
jarvis फोकस रोको,hi,timer.stop,focusTimer.stop()
फोकस रोको jarvis,hi,timer.stop,focusTimer.stop()
पढ़ाई रोको,hi,timer.stop,focusTimer.stop()
jarvis पढ़ाई रोको,hi,timer.stop,focusTimer.stop()
पढ़ाई रोको jarvis,hi,timer.stop,focusTimer.stop()
timer band karo,hinglish,timer.stop,focusTimer.stop()
jarvis timer band karo,hinglish,timer.stop,focusTimer.stop()
timer band karo jarvis,hinglish,timer.stop,focusTimer.stop()
session khatam,hinglish,timer.stop,focusTimer.stop()
jarvis session khatam,hinglish,timer.stop,focusTimer.stop()
session khatam jarvis,hinglish,timer.stop,focusTimer.stop()
focus rok do,hinglish,timer.stop,focusTimer.stop()
jarvis focus rok do,hinglish,timer.stop,focusTimer.stop()
focus rok do jarvis,hinglish,timer.stop,focusTimer.stop()
padhai pause karo,hinglish,timer.stop,focusTimer.stop()
jarvis padhai pause karo,hinglish,timer.stop,focusTimer.stop()
padhai pause karo jarvis,hinglish,timer.stop,focusTimer.stop()
add 25 more minutes,en,timer.extend,focusTimer.extend(min)
jarvis add 25 more minutes,en,timer.extend,focusTimer.extend(min)
add 25 more minutes jarvis,en,timer.extend,focusTimer.extend(min)
add 30 more minutes,en,timer.extend,focusTimer.extend(min)
jarvis add 30 more minutes,en,timer.extend,focusTimer.extend(min)
add 30 more minutes jarvis,en,timer.extend,focusTimer.extend(min)
extend the timer by 25,en,timer.extend,focusTimer.extend(min)
jarvis extend the timer by 25,en,timer.extend,focusTimer.extend(min)
extend the timer by 25 jarvis,en,timer.extend,focusTimer.extend(min)
extend the timer by 30,en,timer.extend,focusTimer.extend(min)
jarvis extend the timer by 30,en,timer.extend,focusTimer.extend(min)
extend the timer by 30 jarvis,en,timer.extend,focusTimer.extend(min)
give me 25 extra minutes,en,timer.extend,focusTimer.extend(min)
jarvis give me 25 extra minutes,en,timer.extend,focusTimer.extend(min)
give me 25 extra minutes jarvis,en,timer.extend,focusTimer.extend(min)
give me 30 extra minutes,en,timer.extend,focusTimer.extend(min)
jarvis give me 30 extra minutes,en,timer.extend,focusTimer.extend(min)
give me 30 extra minutes jarvis,en,timer.extend,focusTimer.extend(min)
25 मिनट और बढ़ाओ,hi,timer.extend,focusTimer.extend(min)
jarvis 25 मिनट और बढ़ाओ,hi,timer.extend,focusTimer.extend(min)
25 मिनट और बढ़ाओ jarvis,hi,timer.extend,focusTimer.extend(min)
30 मिनट और बढ़ाओ,hi,timer.extend,focusTimer.extend(min)
jarvis 30 मिनट और बढ़ाओ,hi,timer.extend,focusTimer.extend(min)
30 मिनट और बढ़ाओ jarvis,hi,timer.extend,focusTimer.extend(min)
टाइमर 25 मिनट बढ़ाओ,hi,timer.extend,focusTimer.extend(min)
jarvis टाइमर 25 मिनट बढ़ाओ,hi,timer.extend,focusTimer.extend(min)
टाइमर 25 मिनट बढ़ाओ jarvis,hi,timer.extend,focusTimer.extend(min)
टाइमर 30 मिनट बढ़ाओ,hi,timer.extend,focusTimer.extend(min)
jarvis टाइमर 30 मिनट बढ़ाओ,hi,timer.extend,focusTimer.extend(min)
टाइमर 30 मिनट बढ़ाओ jarvis,hi,timer.extend,focusTimer.extend(min)
और 25 मिनट दो,hi,timer.extend,focusTimer.extend(min)
jarvis और 25 मिनट दो,hi,timer.extend,focusTimer.extend(min)
और 25 मिनट दो jarvis,hi,timer.extend,focusTimer.extend(min)
और 30 मिनट दो,hi,timer.extend,focusTimer.extend(min)
jarvis और 30 मिनट दो,hi,timer.extend,focusTimer.extend(min)
और 30 मिनट दो jarvis,hi,timer.extend,focusTimer.extend(min)
25 minute aur badha do,hinglish,timer.extend,focusTimer.extend(min)
jarvis 25 minute aur badha do,hinglish,timer.extend,focusTimer.extend(min)
25 minute aur badha do jarvis,hinglish,timer.extend,focusTimer.extend(min)
30 minute aur badha do,hinglish,timer.extend,focusTimer.extend(min)
jarvis 30 minute aur badha do,hinglish,timer.extend,focusTimer.extend(min)
30 minute aur badha do jarvis,hinglish,timer.extend,focusTimer.extend(min)
timer 25 se extend karo,hinglish,timer.extend,focusTimer.extend(min)
jarvis timer 25 se extend karo,hinglish,timer.extend,focusTimer.extend(min)
timer 25 se extend karo jarvis,hinglish,timer.extend,focusTimer.extend(min)
timer 30 se extend karo,hinglish,timer.extend,focusTimer.extend(min)
jarvis timer 30 se extend karo,hinglish,timer.extend,focusTimer.extend(min)
timer 30 se extend karo jarvis,hinglish,timer.extend,focusTimer.extend(min)
aur 25 min do,hinglish,timer.extend,focusTimer.extend(min)
jarvis aur 25 min do,hinglish,timer.extend,focusTimer.extend(min)
aur 25 min do jarvis,hinglish,timer.extend,focusTimer.extend(min)
aur 30 min do,hinglish,timer.extend,focusTimer.extend(min)
jarvis aur 30 min do,hinglish,timer.extend,focusTimer.extend(min)
aur 30 min do jarvis,hinglish,timer.extend,focusTimer.extend(min)
take a break,en,timer.break,focusTimer.break()
jarvis take a break,en,timer.break,focusTimer.break()
take a break jarvis,en,timer.break,focusTimer.break()
start my break,en,timer.break,focusTimer.break()
jarvis start my break,en,timer.break,focusTimer.break()
start my break jarvis,en,timer.break,focusTimer.break()
i need a break,en,timer.break,focusTimer.break()
jarvis i need a break,en,timer.break,focusTimer.break()
i need a break jarvis,en,timer.break,focusTimer.break()
ब्रेक लो,hi,timer.break,focusTimer.break()
jarvis ब्रेक लो,hi,timer.break,focusTimer.break()
ब्रेक लो jarvis,hi,timer.break,focusTimer.break()
ब्रेक शुरू करो,hi,timer.break,focusTimer.break()
jarvis ब्रेक शुरू करो,hi,timer.break,focusTimer.break()
ब्रेक शुरू करो jarvis,hi,timer.break,focusTimer.break()
आराम चाहिए,hi,timer.break,focusTimer.break()
jarvis आराम चाहिए,hi,timer.break,focusTimer.break()
आराम चाहिए jarvis,hi,timer.break,focusTimer.break()
break le lo,hinglish,timer.break,focusTimer.break()
jarvis break le lo,hinglish,timer.break,focusTimer.break()
break le lo jarvis,hinglish,timer.break,focusTimer.break()
break start karo,hinglish,timer.break,focusTimer.break()
jarvis break start karo,hinglish,timer.break,focusTimer.break()
break start karo jarvis,hinglish,timer.break,focusTimer.break()
thoda rest chahiye,hinglish,timer.break,focusTimer.break()
jarvis thoda rest chahiye,hinglish,timer.break,focusTimer.break()
thoda rest chahiye jarvis,hinglish,timer.break,focusTimer.break()
add score 80 out of 100 prelims,en,score.add,"core.addScore(score,max,cat,sub)"
jarvis add score 80 out of 100 prelims,en,score.add,"core.addScore(score,max,cat,sub)"
add score 80 out of 100 prelims jarvis,en,score.add,"core.addScore(score,max,cat,sub)"
add score 80 out of 100 optional,en,score.add,"core.addScore(score,max,cat,sub)"
jarvis add score 80 out of 100 optional,en,score.add,"core.addScore(score,max,cat,sub)"
add score 80 out of 100 optional jarvis,en,score.add,"core.addScore(score,max,cat,sub)"
add score 75 out of 100 prelims,en,score.add,"core.addScore(score,max,cat,sub)"
jarvis add score 75 out of 100 prelims,en,score.add,"core.addScore(score,max,cat,sub)"
add score 75 out of 100 prelims jarvis,en,score.add,"core.addScore(score,max,cat,sub)"
add score 75 out of 100 optional,en,score.add,"core.addScore(score,max,cat,sub)"
jarvis add score 75 out of 100 optional,en,score.add,"core.addScore(score,max,cat,sub)"
add score 75 out of 100 optional jarvis,en,score.add,"core.addScore(score,max,cat,sub)"
log 80 by 100 in prelims,en,score.add,"core.addScore(score,max,cat,sub)"
jarvis log 80 by 100 in prelims,en,score.add,"core.addScore(score,max,cat,sub)"
log 80 by 100 in prelims jarvis,en,score.add,"core.addScore(score,max,cat,sub)"
log 80 by 100 in optional,en,score.add,"core.addScore(score,max,cat,sub)"
jarvis log 80 by 100 in optional,en,score.add,"core.addScore(score,max,cat,sub)"
log 80 by 100 in optional jarvis,en,score.add,"core.addScore(score,max,cat,sub)"
log 75 by 100 in prelims,en,score.add,"core.addScore(score,max,cat,sub)"
jarvis log 75 by 100 in prelims,en,score.add,"core.addScore(score,max,cat,sub)"
log 75 by 100 in prelims jarvis,en,score.add,"core.addScore(score,max,cat,sub)"
log 75 by 100 in optional,en,score.add,"core.addScore(score,max,cat,sub)"
jarvis log 75 by 100 in optional,en,score.add,"core.addScore(score,max,cat,sub)"
log 75 by 100 in optional jarvis,en,score.add,"core.addScore(score,max,cat,sub)"
i scored 80 of 100 prelims,en,score.add,"core.addScore(score,max,cat,sub)"
jarvis i scored 80 of 100 prelims,en,score.add,"core.addScore(score,max,cat,sub)"
i scored 80 of 100 prelims jarvis,en,score.add,"core.addScore(score,max,cat,sub)"
i scored 80 of 100 optional,en,score.add,"core.addScore(score,max,cat,sub)"
jarvis i scored 80 of 100 optional,en,score.add,"core.addScore(score,max,cat,sub)"
i scored 80 of 100 optional jarvis,en,score.add,"core.addScore(score,max,cat,sub)"
i scored 75 of 100 prelims,en,score.add,"core.addScore(score,max,cat,sub)"
jarvis i scored 75 of 100 prelims,en,score.add,"core.addScore(score,max,cat,sub)"
i scored 75 of 100 prelims jarvis,en,score.add,"core.addScore(score,max,cat,sub)"
i scored 75 of 100 optional,en,score.add,"core.addScore(score,max,cat,sub)"
jarvis i scored 75 of 100 optional,en,score.add,"core.addScore(score,max,cat,sub)"
i scored 75 of 100 optional jarvis,en,score.add,"core.addScore(score,max,cat,sub)"
prelims में 100 में से 80 जोड़ो,hi,score.add,"core.addScore(score,max,cat,sub)"
jarvis prelims में 100 में से 80 जोड़ो,hi,score.add,"core.addScore(score,max,cat,sub)"
prelims में 100 में से 80 जोड़ो jarvis,hi,score.add,"core.addScore(score,max,cat,sub)"
optional में 100 में से 80 जोड़ो,hi,score.add,"core.addScore(score,max,cat,sub)"
jarvis optional में 100 में से 80 जोड़ो,hi,score.add,"core.addScore(score,max,cat,sub)"
optional में 100 में से 80 जोड़ो jarvis,hi,score.add,"core.addScore(score,max,cat,sub)"
prelims में 100 में से 75 जोड़ो,hi,score.add,"core.addScore(score,max,cat,sub)"
jarvis prelims में 100 में से 75 जोड़ो,hi,score.add,"core.addScore(score,max,cat,sub)"
prelims में 100 में से 75 जोड़ो jarvis,hi,score.add,"core.addScore(score,max,cat,sub)"
optional में 100 में से 75 जोड़ो,hi,score.add,"core.addScore(score,max,cat,sub)"
jarvis optional में 100 में से 75 जोड़ो,hi,score.add,"core.addScore(score,max,cat,sub)"
optional में 100 में से 75 जोड़ो jarvis,hi,score.add,"core.addScore(score,max,cat,sub)"
prelims का स्कोर 80/100 दर्ज करो,hi,score.add,"core.addScore(score,max,cat,sub)"
jarvis prelims का स्कोर 80/100 दर्ज करो,hi,score.add,"core.addScore(score,max,cat,sub)"
prelims का स्कोर 80/100 दर्ज करो jarvis,hi,score.add,"core.addScore(score,max,cat,sub)"
optional का स्कोर 80/100 दर्ज करो,hi,score.add,"core.addScore(score,max,cat,sub)"
jarvis optional का स्कोर 80/100 दर्ज करो,hi,score.add,"core.addScore(score,max,cat,sub)"
optional का स्कोर 80/100 दर्ज करो jarvis,hi,score.add,"core.addScore(score,max,cat,sub)"
prelims का स्कोर 75/100 दर्ज करो,hi,score.add,"core.addScore(score,max,cat,sub)"
jarvis prelims का स्कोर 75/100 दर्ज करो,hi,score.add,"core.addScore(score,max,cat,sub)"
prelims का स्कोर 75/100 दर्ज करो jarvis,hi,score.add,"core.addScore(score,max,cat,sub)"
optional का स्कोर 75/100 दर्ज करो,hi,score.add,"core.addScore(score,max,cat,sub)"
jarvis optional का स्कोर 75/100 दर्ज करो,hi,score.add,"core.addScore(score,max,cat,sub)"
optional का स्कोर 75/100 दर्ज करो jarvis,hi,score.add,"core.addScore(score,max,cat,sub)"
80 में से 100 मिला prelims,hi,score.add,"core.addScore(score,max,cat,sub)"
jarvis 80 में से 100 मिला prelims,hi,score.add,"core.addScore(score,max,cat,sub)"
80 में से 100 मिला prelims jarvis,hi,score.add,"core.addScore(score,max,cat,sub)"
80 में से 100 मिला optional,hi,score.add,"core.addScore(score,max,cat,sub)"
jarvis 80 में से 100 मिला optional,hi,score.add,"core.addScore(score,max,cat,sub)"
80 में से 100 मिला optional jarvis,hi,score.add,"core.addScore(score,max,cat,sub)"
75 में से 100 मिला prelims,hi,score.add,"core.addScore(score,max,cat,sub)"
jarvis 75 में से 100 मिला prelims,hi,score.add,"core.addScore(score,max,cat,sub)"
75 में से 100 मिला prelims jarvis,hi,score.add,"core.addScore(score,max,cat,sub)"
75 में से 100 मिला optional,hi,score.add,"core.addScore(score,max,cat,sub)"
jarvis 75 में से 100 मिला optional,hi,score.add,"core.addScore(score,max,cat,sub)"
75 में से 100 मिला optional jarvis,hi,score.add,"core.addScore(score,max,cat,sub)"
prelims mein 80 out of 100 add karo,hinglish,score.add,"core.addScore(score,max,cat,sub)"
jarvis prelims mein 80 out of 100 add karo,hinglish,score.add,"core.addScore(score,max,cat,sub)"
prelims mein 80 out of 100 add karo jarvis,hinglish,score.add,"core.addScore(score,max,cat,sub)"
optional mein 80 out of 100 add karo,hinglish,score.add,"core.addScore(score,max,cat,sub)"
jarvis optional mein 80 out of 100 add karo,hinglish,score.add,"core.addScore(score,max,cat,sub)"
optional mein 80 out of 100 add karo jarvis,hinglish,score.add,"core.addScore(score,max,cat,sub)"
prelims mein 75 out of 100 add karo,hinglish,score.add,"core.addScore(score,max,cat,sub)"
jarvis prelims mein 75 out of 100 add karo,hinglish,score.add,"core.addScore(score,max,cat,sub)"
prelims mein 75 out of 100 add karo jarvis,hinglish,score.add,"core.addScore(score,max,cat,sub)"
optional mein 75 out of 100 add karo,hinglish,score.add,"core.addScore(score,max,cat,sub)"
jarvis optional mein 75 out of 100 add karo,hinglish,score.add,"core.addScore(score,max,cat,sub)"
optional mein 75 out of 100 add karo jarvis,hinglish,score.add,"core.addScore(score,max,cat,sub)"
prelims ka score 80/100 log karo,hinglish,score.add,"core.addScore(score,max,cat,sub)"
jarvis prelims ka score 80/100 log karo,hinglish,score.add,"core.addScore(score,max,cat,sub)"
prelims ka score 80/100 log karo jarvis,hinglish,score.add,"core.addScore(score,max,cat,sub)"
optional ka score 80/100 log karo,hinglish,score.add,"core.addScore(score,max,cat,sub)"
jarvis optional ka score 80/100 log karo,hinglish,score.add,"core.addScore(score,max,cat,sub)"
optional ka score 80/100 log karo jarvis,hinglish,score.add,"core.addScore(score,max,cat,sub)"
prelims ka score 75/100 log karo,hinglish,score.add,"core.addScore(score,max,cat,sub)"
jarvis prelims ka score 75/100 log karo,hinglish,score.add,"core.addScore(score,max,cat,sub)"
prelims ka score 75/100 log karo jarvis,hinglish,score.add,"core.addScore(score,max,cat,sub)"
optional ka score 75/100 log karo,hinglish,score.add,"core.addScore(score,max,cat,sub)"
jarvis optional ka score 75/100 log karo,hinglish,score.add,"core.addScore(score,max,cat,sub)"
optional ka score 75/100 log karo jarvis,hinglish,score.add,"core.addScore(score,max,cat,sub)"
80 by 100 aaya prelims,hinglish,score.add,"core.addScore(score,max,cat,sub)"
jarvis 80 by 100 aaya prelims,hinglish,score.add,"core.addScore(score,max,cat,sub)"
80 by 100 aaya prelims jarvis,hinglish,score.add,"core.addScore(score,max,cat,sub)"
80 by 100 aaya optional,hinglish,score.add,"core.addScore(score,max,cat,sub)"
jarvis 80 by 100 aaya optional,hinglish,score.add,"core.addScore(score,max,cat,sub)"
80 by 100 aaya optional jarvis,hinglish,score.add,"core.addScore(score,max,cat,sub)"
75 by 100 aaya prelims,hinglish,score.add,"core.addScore(score,max,cat,sub)"
jarvis 75 by 100 aaya prelims,hinglish,score.add,"core.addScore(score,max,cat,sub)"
75 by 100 aaya prelims jarvis,hinglish,score.add,"core.addScore(score,max,cat,sub)"
75 by 100 aaya optional,hinglish,score.add,"core.addScore(score,max,cat,sub)"
jarvis 75 by 100 aaya optional,hinglish,score.add,"core.addScore(score,max,cat,sub)"
75 by 100 aaya optional jarvis,hinglish,score.add,"core.addScore(score,max,cat,sub)"
what's my prelims average,en,query.average,core.queryAverage(stream)
jarvis what's my prelims average,en,query.average,core.queryAverage(stream)
what's my prelims average jarvis,en,query.average,core.queryAverage(stream)
what's my optional average,en,query.average,core.queryAverage(stream)
jarvis what's my optional average,en,query.average,core.queryAverage(stream)
what's my optional average jarvis,en,query.average,core.queryAverage(stream)
tell me my prelims accuracy,en,query.average,core.queryAverage(stream)
jarvis tell me my prelims accuracy,en,query.average,core.queryAverage(stream)
tell me my prelims accuracy jarvis,en,query.average,core.queryAverage(stream)
tell me my optional accuracy,en,query.average,core.queryAverage(stream)
jarvis tell me my optional accuracy,en,query.average,core.queryAverage(stream)
tell me my optional accuracy jarvis,en,query.average,core.queryAverage(stream)
how am i doing in prelims,en,query.average,core.queryAverage(stream)
jarvis how am i doing in prelims,en,query.average,core.queryAverage(stream)
how am i doing in prelims jarvis,en,query.average,core.queryAverage(stream)
how am i doing in optional,en,query.average,core.queryAverage(stream)
jarvis how am i doing in optional,en,query.average,core.queryAverage(stream)
how am i doing in optional jarvis,en,query.average,core.queryAverage(stream)
मेरा prelims औसत क्या है,hi,query.average,core.queryAverage(stream)
jarvis मेरा prelims औसत क्या है,hi,query.average,core.queryAverage(stream)
मेरा prelims औसत क्या है jarvis,hi,query.average,core.queryAverage(stream)
मेरा optional औसत क्या है,hi,query.average,core.queryAverage(stream)
jarvis मेरा optional औसत क्या है,hi,query.average,core.queryAverage(stream)
मेरा optional औसत क्या है jarvis,hi,query.average,core.queryAverage(stream)
prelims की एक्यूरेसी बताओ,hi,query.average,core.queryAverage(stream)
jarvis prelims की एक्यूरेसी बताओ,hi,query.average,core.queryAverage(stream)
prelims की एक्यूरेसी बताओ jarvis,hi,query.average,core.queryAverage(stream)
optional की एक्यूरेसी बताओ,hi,query.average,core.queryAverage(stream)
jarvis optional की एक्यूरेसी बताओ,hi,query.average,core.queryAverage(stream)
optional की एक्यूरेसी बताओ jarvis,hi,query.average,core.queryAverage(stream)
prelims में कैसा चल रहा है,hi,query.average,core.queryAverage(stream)
jarvis prelims में कैसा चल रहा है,hi,query.average,core.queryAverage(stream)
prelims में कैसा चल रहा है jarvis,hi,query.average,core.queryAverage(stream)
optional में कैसा चल रहा है,hi,query.average,core.queryAverage(stream)
jarvis optional में कैसा चल रहा है,hi,query.average,core.queryAverage(stream)
optional में कैसा चल रहा है jarvis,hi,query.average,core.queryAverage(stream)
mera prelims average kya hai,hinglish,query.average,core.queryAverage(stream)
jarvis mera prelims average kya hai,hinglish,query.average,core.queryAverage(stream)
mera prelims average kya hai jarvis,hinglish,query.average,core.queryAverage(stream)
mera optional average kya hai,hinglish,query.average,core.queryAverage(stream)
jarvis mera optional average kya hai,hinglish,query.average,core.queryAverage(stream)
mera optional average kya hai jarvis,hinglish,query.average,core.queryAverage(stream)
prelims accuracy batao,hinglish,query.average,core.queryAverage(stream)
jarvis prelims accuracy batao,hinglish,query.average,core.queryAverage(stream)
prelims accuracy batao jarvis,hinglish,query.average,core.queryAverage(stream)
optional accuracy batao,hinglish,query.average,core.queryAverage(stream)
jarvis optional accuracy batao,hinglish,query.average,core.queryAverage(stream)
optional accuracy batao jarvis,hinglish,query.average,core.queryAverage(stream)
prelims mein kaisa chal raha,hinglish,query.average,core.queryAverage(stream)
jarvis prelims mein kaisa chal raha,hinglish,query.average,core.queryAverage(stream)
prelims mein kaisa chal raha jarvis,hinglish,query.average,core.queryAverage(stream)
optional mein kaisa chal raha,hinglish,query.average,core.queryAverage(stream)
jarvis optional mein kaisa chal raha,hinglish,query.average,core.queryAverage(stream)
optional mein kaisa chal raha jarvis,hinglish,query.average,core.queryAverage(stream)
what's my rank projection,en,query.rank,core.queryRank()
jarvis what's my rank projection,en,query.rank,core.queryRank()
what's my rank projection jarvis,en,query.rank,core.queryRank()
tell me my projected rank,en,query.rank,core.queryRank()
jarvis tell me my projected rank,en,query.rank,core.queryRank()
tell me my projected rank jarvis,en,query.rank,core.queryRank()
where do i stand,en,query.rank,core.queryRank()
jarvis where do i stand,en,query.rank,core.queryRank()
where do i stand jarvis,en,query.rank,core.queryRank()
मेरी रैंक प्रोजेक्शन बताओ,hi,query.rank,core.queryRank()
jarvis मेरी रैंक प्रोजेक्शन बताओ,hi,query.rank,core.queryRank()
मेरी रैंक प्रोजेक्शन बताओ jarvis,hi,query.rank,core.queryRank()
अनुमानित रैंक क्या है,hi,query.rank,core.queryRank()
jarvis अनुमानित रैंक क्या है,hi,query.rank,core.queryRank()
अनुमानित रैंक क्या है jarvis,hi,query.rank,core.queryRank()
मैं कहाँ खड़ा हूँ,hi,query.rank,core.queryRank()
jarvis मैं कहाँ खड़ा हूँ,hi,query.rank,core.queryRank()
मैं कहाँ खड़ा हूँ jarvis,hi,query.rank,core.queryRank()
meri rank projection batao,hinglish,query.rank,core.queryRank()
jarvis meri rank projection batao,hinglish,query.rank,core.queryRank()
meri rank projection batao jarvis,hinglish,query.rank,core.queryRank()
projected rank kya hai,hinglish,query.rank,core.queryRank()
jarvis projected rank kya hai,hinglish,query.rank,core.queryRank()
projected rank kya hai jarvis,hinglish,query.rank,core.queryRank()
main kahan hoon abhi,hinglish,query.rank,core.queryRank()
jarvis main kahan hoon abhi,hinglish,query.rank,core.queryRank()
main kahan hoon abhi jarvis,hinglish,query.rank,core.queryRank()
what's my selection probability,en,query.selprob,core.querySelectionProbability()
jarvis what's my selection probability,en,query.selprob,core.querySelectionProbability()
what's my selection probability jarvis,en,query.selprob,core.querySelectionProbability()
what are my chances,en,query.selprob,core.querySelectionProbability()
jarvis what are my chances,en,query.selprob,core.querySelectionProbability()
what are my chances jarvis,en,query.selprob,core.querySelectionProbability()
selection chance batao,en,query.selprob,core.querySelectionProbability()
jarvis selection chance batao,en,query.selprob,core.querySelectionProbability()
selection chance batao jarvis,en,query.selprob,core.querySelectionProbability()
मेरा सिलेक्शन चांस कितना है,hi,query.selprob,core.querySelectionProbability()
jarvis मेरा सिलेक्शन चांस कितना है,hi,query.selprob,core.querySelectionProbability()
मेरा सिलेक्शन चांस कितना है jarvis,hi,query.selprob,core.querySelectionProbability()
चयन की संभावना क्या है,hi,query.selprob,core.querySelectionProbability()
jarvis चयन की संभावना क्या है,hi,query.selprob,core.querySelectionProbability()
चयन की संभावना क्या है jarvis,hi,query.selprob,core.querySelectionProbability()
मौका कितना है,hi,query.selprob,core.querySelectionProbability()
jarvis मौका कितना है,hi,query.selprob,core.querySelectionProbability()
मौका कितना है jarvis,hi,query.selprob,core.querySelectionProbability()
mera selection probability kitna hai,hinglish,query.selprob,core.querySelectionProbability()
jarvis mera selection probability kitna hai,hinglish,query.selprob,core.querySelectionProbability()
mera selection probability kitna hai jarvis,hinglish,query.selprob,core.querySelectionProbability()
chances kya hai,hinglish,query.selprob,core.querySelectionProbability()
jarvis chances kya hai,hinglish,query.selprob,core.querySelectionProbability()
chances kya hai jarvis,hinglish,query.selprob,core.querySelectionProbability()
selize chance batao,hinglish,query.selprob,core.querySelectionProbability()
jarvis selize chance batao,hinglish,query.selprob,core.querySelectionProbability()
selize chance batao jarvis,hinglish,query.selprob,core.querySelectionProbability()
how many hours did i study today,en,query.hours,core.queryHours(p)
jarvis how many hours did i study today,en,query.hours,core.queryHours(p)
how many hours did i study today jarvis,en,query.hours,core.queryHours(p)
how many hours did i study this week,en,query.hours,core.queryHours(p)
jarvis how many hours did i study this week,en,query.hours,core.queryHours(p)
how many hours did i study this week jarvis,en,query.hours,core.queryHours(p)
my study hours today,en,query.hours,core.queryHours(p)
jarvis my study hours today,en,query.hours,core.queryHours(p)
my study hours today jarvis,en,query.hours,core.queryHours(p)
my study hours this week,en,query.hours,core.queryHours(p)
jarvis my study hours this week,en,query.hours,core.queryHours(p)
my study hours this week jarvis,en,query.hours,core.queryHours(p)
total hours today,en,query.hours,core.queryHours(p)
jarvis total hours today,en,query.hours,core.queryHours(p)
total hours today jarvis,en,query.hours,core.queryHours(p)
total hours this week,en,query.hours,core.queryHours(p)
jarvis total hours this week,en,query.hours,core.queryHours(p)
total hours this week jarvis,en,query.hours,core.queryHours(p)
today कितने घंटे पढ़ा,hi,query.hours,core.queryHours(p)
jarvis today कितने घंटे पढ़ा,hi,query.hours,core.queryHours(p)
today कितने घंटे पढ़ा jarvis,hi,query.hours,core.queryHours(p)
this week कितने घंटे पढ़ा,hi,query.hours,core.queryHours(p)
jarvis this week कितने घंटे पढ़ा,hi,query.hours,core.queryHours(p)
this week कितने घंटे पढ़ा jarvis,hi,query.hours,core.queryHours(p)
today की पढ़ाई के घंटे,hi,query.hours,core.queryHours(p)
jarvis today की पढ़ाई के घंटे,hi,query.hours,core.queryHours(p)
today की पढ़ाई के घंटे jarvis,hi,query.hours,core.queryHours(p)
this week की पढ़ाई के घंटे,hi,query.hours,core.queryHours(p)
jarvis this week की पढ़ाई के घंटे,hi,query.hours,core.queryHours(p)
this week की पढ़ाई के घंटे jarvis,hi,query.hours,core.queryHours(p)
today कुल घंटे,hi,query.hours,core.queryHours(p)
jarvis today कुल घंटे,hi,query.hours,core.queryHours(p)
today कुल घंटे jarvis,hi,query.hours,core.queryHours(p)
this week कुल घंटे,hi,query.hours,core.queryHours(p)
jarvis this week कुल घंटे,hi,query.hours,core.queryHours(p)
this week कुल घंटे jarvis,hi,query.hours,core.queryHours(p)
today kitne ghante padha,hinglish,query.hours,core.queryHours(p)
jarvis today kitne ghante padha,hinglish,query.hours,core.queryHours(p)
today kitne ghante padha jarvis,hinglish,query.hours,core.queryHours(p)
this week kitne ghante padha,hinglish,query.hours,core.queryHours(p)
jarvis this week kitne ghante padha,hinglish,query.hours,core.queryHours(p)
this week kitne ghante padha jarvis,hinglish,query.hours,core.queryHours(p)
today study hours batao,hinglish,query.hours,core.queryHours(p)
jarvis today study hours batao,hinglish,query.hours,core.queryHours(p)
today study hours batao jarvis,hinglish,query.hours,core.queryHours(p)
this week study hours batao,hinglish,query.hours,core.queryHours(p)
jarvis this week study hours batao,hinglish,query.hours,core.queryHours(p)
this week study hours batao jarvis,hinglish,query.hours,core.queryHours(p)
today total hours,hinglish,query.hours,core.queryHours(p)
jarvis today total hours,hinglish,query.hours,core.queryHours(p)
today total hours jarvis,hinglish,query.hours,core.queryHours(p)
this week total hours,hinglish,query.hours,core.queryHours(p)
jarvis this week total hours,hinglish,query.hours,core.queryHours(p)
this week total hours jarvis,hinglish,query.hours,core.queryHours(p)
how many lectures are left,en,query.backlog,core.queryBacklog()
jarvis how many lectures are left,en,query.backlog,core.queryBacklog()
how many lectures are left jarvis,en,query.backlog,core.queryBacklog()
what's my backlog,en,query.backlog,core.queryBacklog()
jarvis what's my backlog,en,query.backlog,core.queryBacklog()
what's my backlog jarvis,en,query.backlog,core.queryBacklog()
pending lectures count,en,query.backlog,core.queryBacklog()
jarvis pending lectures count,en,query.backlog,core.queryBacklog()
pending lectures count jarvis,en,query.backlog,core.queryBacklog()
कितने लेक्चर बचे हैं,hi,query.backlog,core.queryBacklog()
jarvis कितने लेक्चर बचे हैं,hi,query.backlog,core.queryBacklog()
कितने लेक्चर बचे हैं jarvis,hi,query.backlog,core.queryBacklog()
बैकलॉग कितना है,hi,query.backlog,core.queryBacklog()
jarvis बैकलॉग कितना है,hi,query.backlog,core.queryBacklog()
बैकलॉग कितना है jarvis,hi,query.backlog,core.queryBacklog()
कितने पेंडिंग हैं,hi,query.backlog,core.queryBacklog()
jarvis कितने पेंडिंग हैं,hi,query.backlog,core.queryBacklog()
कितने पेंडिंग हैं jarvis,hi,query.backlog,core.queryBacklog()
kitne lecture bache hai,hinglish,query.backlog,core.queryBacklog()
jarvis kitne lecture bache hai,hinglish,query.backlog,core.queryBacklog()
kitne lecture bache hai jarvis,hinglish,query.backlog,core.queryBacklog()
backlog kitna hai,hinglish,query.backlog,core.queryBacklog()
jarvis backlog kitna hai,hinglish,query.backlog,core.queryBacklog()
backlog kitna hai jarvis,hinglish,query.backlog,core.queryBacklog()
pending kitne hai,hinglish,query.backlog,core.queryBacklog()
jarvis pending kitne hai,hinglish,query.backlog,core.queryBacklog()
pending kitne hai jarvis,hinglish,query.backlog,core.queryBacklog()
what's my streak,en,query.streak,core.queryStreak()
jarvis what's my streak,en,query.streak,core.queryStreak()
what's my streak jarvis,en,query.streak,core.queryStreak()
how many days streak,en,query.streak,core.queryStreak()
jarvis how many days streak,en,query.streak,core.queryStreak()
how many days streak jarvis,en,query.streak,core.queryStreak()
streak batao,en,query.streak,core.queryStreak()
jarvis streak batao,en,query.streak,core.queryStreak()
streak batao jarvis,en,query.streak,core.queryStreak()
मेरी स्ट्रीक क्या है,hi,query.streak,core.queryStreak()
jarvis मेरी स्ट्रीक क्या है,hi,query.streak,core.queryStreak()
मेरी स्ट्रीक क्या है jarvis,hi,query.streak,core.queryStreak()
कितने दिन की स्ट्रीक,hi,query.streak,core.queryStreak()
jarvis कितने दिन की स्ट्रीक,hi,query.streak,core.queryStreak()
कितने दिन की स्ट्रीक jarvis,hi,query.streak,core.queryStreak()
लगातार कितने दिन,hi,query.streak,core.queryStreak()
jarvis लगातार कितने दिन,hi,query.streak,core.queryStreak()
लगातार कितने दिन jarvis,hi,query.streak,core.queryStreak()
meri streak kya hai,hinglish,query.streak,core.queryStreak()
jarvis meri streak kya hai,hinglish,query.streak,core.queryStreak()
meri streak kya hai jarvis,hinglish,query.streak,core.queryStreak()
kitne din ki streak,hinglish,query.streak,core.queryStreak()
jarvis kitne din ki streak,hinglish,query.streak,core.queryStreak()
kitne din ki streak jarvis,hinglish,query.streak,core.queryStreak()
what's my consistency,en,query.consistency,core.queryConsistency()
jarvis what's my consistency,en,query.consistency,core.queryConsistency()
what's my consistency jarvis,en,query.consistency,core.queryConsistency()
consistency score,en,query.consistency,core.queryConsistency()
jarvis consistency score,en,query.consistency,core.queryConsistency()
consistency score jarvis,en,query.consistency,core.queryConsistency()
how consistent am i,en,query.consistency,core.queryConsistency()
jarvis how consistent am i,en,query.consistency,core.queryConsistency()
how consistent am i jarvis,en,query.consistency,core.queryConsistency()
मेरी कंसिस्टेंसी क्या है,hi,query.consistency,core.queryConsistency()
jarvis मेरी कंसिस्टेंसी क्या है,hi,query.consistency,core.queryConsistency()
मेरी कंसिस्टेंसी क्या है jarvis,hi,query.consistency,core.queryConsistency()
कंसिस्टेंसी स्कोर,hi,query.consistency,core.queryConsistency()
jarvis कंसिस्टेंसी स्कोर,hi,query.consistency,core.queryConsistency()
कंसिस्टेंसी स्कोर jarvis,hi,query.consistency,core.queryConsistency()
कितना नियमित हूँ,hi,query.consistency,core.queryConsistency()
jarvis कितना नियमित हूँ,hi,query.consistency,core.queryConsistency()
कितना नियमित हूँ jarvis,hi,query.consistency,core.queryConsistency()
meri consistency kya hai,hinglish,query.consistency,core.queryConsistency()
jarvis meri consistency kya hai,hinglish,query.consistency,core.queryConsistency()
meri consistency kya hai jarvis,hinglish,query.consistency,core.queryConsistency()
consistency score batao,hinglish,query.consistency,core.queryConsistency()
jarvis consistency score batao,hinglish,query.consistency,core.queryConsistency()
consistency score batao jarvis,hinglish,query.consistency,core.queryConsistency()
kitna regular hoon,hinglish,query.consistency,core.queryConsistency()
jarvis kitna regular hoon,hinglish,query.consistency,core.queryConsistency()
kitna regular hoon jarvis,hinglish,query.consistency,core.queryConsistency()
mark today as College,en,routine.setType,routine.setDayType(t)
jarvis mark today as College,en,routine.setType,routine.setDayType(t)
mark today as College jarvis,en,routine.setType,routine.setDayType(t)
mark today as Holiday,en,routine.setType,routine.setDayType(t)
jarvis mark today as Holiday,en,routine.setType,routine.setDayType(t)
mark today as Holiday jarvis,en,routine.setType,routine.setDayType(t)
today is College,en,routine.setType,routine.setDayType(t)
jarvis today is College,en,routine.setType,routine.setDayType(t)
today is College jarvis,en,routine.setType,routine.setDayType(t)
today is Holiday,en,routine.setType,routine.setDayType(t)
jarvis today is Holiday,en,routine.setType,routine.setDayType(t)
today is Holiday jarvis,en,routine.setType,routine.setDayType(t)
set day type College,en,routine.setType,routine.setDayType(t)
jarvis set day type College,en,routine.setType,routine.setDayType(t)
set day type College jarvis,en,routine.setType,routine.setDayType(t)
set day type Holiday,en,routine.setType,routine.setDayType(t)
jarvis set day type Holiday,en,routine.setType,routine.setDayType(t)
set day type Holiday jarvis,en,routine.setType,routine.setDayType(t)
आज College है,hi,routine.setType,routine.setDayType(t)
jarvis आज College है,hi,routine.setType,routine.setDayType(t)
आज College है jarvis,hi,routine.setType,routine.setDayType(t)
आज Holiday है,hi,routine.setType,routine.setDayType(t)
jarvis आज Holiday है,hi,routine.setType,routine.setDayType(t)
आज Holiday है jarvis,hi,routine.setType,routine.setDayType(t)
आज को College मार्क करो,hi,routine.setType,routine.setDayType(t)
jarvis आज को College मार्क करो,hi,routine.setType,routine.setDayType(t)
आज को College मार्क करो jarvis,hi,routine.setType,routine.setDayType(t)
आज को Holiday मार्क करो,hi,routine.setType,routine.setDayType(t)
jarvis आज को Holiday मार्क करो,hi,routine.setType,routine.setDayType(t)
आज को Holiday मार्क करो jarvis,hi,routine.setType,routine.setDayType(t)
दिन College सेट करो,hi,routine.setType,routine.setDayType(t)
jarvis दिन College सेट करो,hi,routine.setType,routine.setDayType(t)
दिन College सेट करो jarvis,hi,routine.setType,routine.setDayType(t)
दिन Holiday सेट करो,hi,routine.setType,routine.setDayType(t)
jarvis दिन Holiday सेट करो,hi,routine.setType,routine.setDayType(t)
दिन Holiday सेट करो jarvis,hi,routine.setType,routine.setDayType(t)
aaj College hai,hinglish,routine.setType,routine.setDayType(t)
jarvis aaj College hai,hinglish,routine.setType,routine.setDayType(t)
aaj College hai jarvis,hinglish,routine.setType,routine.setDayType(t)
aaj Holiday hai,hinglish,routine.setType,routine.setDayType(t)
jarvis aaj Holiday hai,hinglish,routine.setType,routine.setDayType(t)
aaj Holiday hai jarvis,hinglish,routine.setType,routine.setDayType(t)
today College mark karo,hinglish,routine.setType,routine.setDayType(t)
jarvis today College mark karo,hinglish,routine.setType,routine.setDayType(t)
today College mark karo jarvis,hinglish,routine.setType,routine.setDayType(t)
today Holiday mark karo,hinglish,routine.setType,routine.setDayType(t)
jarvis today Holiday mark karo,hinglish,routine.setType,routine.setDayType(t)
today Holiday mark karo jarvis,hinglish,routine.setType,routine.setDayType(t)
din College set karo,hinglish,routine.setType,routine.setDayType(t)
jarvis din College set karo,hinglish,routine.setType,routine.setDayType(t)
din College set karo jarvis,hinglish,routine.setType,routine.setDayType(t)
din Holiday set karo,hinglish,routine.setType,routine.setDayType(t)
jarvis din Holiday set karo,hinglish,routine.setType,routine.setDayType(t)
din Holiday set karo jarvis,hinglish,routine.setType,routine.setDayType(t)
log 25 hours of study,en,routine.logHours,routine.setHours(n)
jarvis log 25 hours of study,en,routine.logHours,routine.setHours(n)
log 25 hours of study jarvis,en,routine.logHours,routine.setHours(n)
log 30 hours of study,en,routine.logHours,routine.setHours(n)
jarvis log 30 hours of study,en,routine.logHours,routine.setHours(n)
log 30 hours of study jarvis,en,routine.logHours,routine.setHours(n)
i studied 25 hours,en,routine.logHours,routine.setHours(n)
jarvis i studied 25 hours,en,routine.logHours,routine.setHours(n)
i studied 25 hours jarvis,en,routine.logHours,routine.setHours(n)
i studied 30 hours,en,routine.logHours,routine.setHours(n)
jarvis i studied 30 hours,en,routine.logHours,routine.setHours(n)
i studied 30 hours jarvis,en,routine.logHours,routine.setHours(n)
record 25 hours,en,routine.logHours,routine.setHours(n)
jarvis record 25 hours,en,routine.logHours,routine.setHours(n)
record 25 hours jarvis,en,routine.logHours,routine.setHours(n)
record 30 hours,en,routine.logHours,routine.setHours(n)
jarvis record 30 hours,en,routine.logHours,routine.setHours(n)
record 30 hours jarvis,en,routine.logHours,routine.setHours(n)
25 घंटे पढ़ाई दर्ज करो,hi,routine.logHours,routine.setHours(n)
jarvis 25 घंटे पढ़ाई दर्ज करो,hi,routine.logHours,routine.setHours(n)
25 घंटे पढ़ाई दर्ज करो jarvis,hi,routine.logHours,routine.setHours(n)
30 घंटे पढ़ाई दर्ज करो,hi,routine.logHours,routine.setHours(n)
jarvis 30 घंटे पढ़ाई दर्ज करो,hi,routine.logHours,routine.setHours(n)
30 घंटे पढ़ाई दर्ज करो jarvis,hi,routine.logHours,routine.setHours(n)
मैंने 25 घंटे पढ़ा,hi,routine.logHours,routine.setHours(n)
jarvis मैंने 25 घंटे पढ़ा,hi,routine.logHours,routine.setHours(n)
मैंने 25 घंटे पढ़ा jarvis,hi,routine.logHours,routine.setHours(n)
मैंने 30 घंटे पढ़ा,hi,routine.logHours,routine.setHours(n)
jarvis मैंने 30 घंटे पढ़ा,hi,routine.logHours,routine.setHours(n)
मैंने 30 घंटे पढ़ा jarvis,hi,routine.logHours,routine.setHours(n)
25 घंटे रिकॉर्ड करो,hi,routine.logHours,routine.setHours(n)
jarvis 25 घंटे रिकॉर्ड करो,hi,routine.logHours,routine.setHours(n)
25 घंटे रिकॉर्ड करो jarvis,hi,routine.logHours,routine.setHours(n)
30 घंटे रिकॉर्ड करो,hi,routine.logHours,routine.setHours(n)
jarvis 30 घंटे रिकॉर्ड करो,hi,routine.logHours,routine.setHours(n)
30 घंटे रिकॉर्ड करो jarvis,hi,routine.logHours,routine.setHours(n)
25 ghante padhai log karo,hinglish,routine.logHours,routine.setHours(n)
jarvis 25 ghante padhai log karo,hinglish,routine.logHours,routine.setHours(n)
25 ghante padhai log karo jarvis,hinglish,routine.logHours,routine.setHours(n)
30 ghante padhai log karo,hinglish,routine.logHours,routine.setHours(n)
jarvis 30 ghante padhai log karo,hinglish,routine.logHours,routine.setHours(n)
30 ghante padhai log karo jarvis,hinglish,routine.logHours,routine.setHours(n)
maine 25 ghante padha,hinglish,routine.logHours,routine.setHours(n)
jarvis maine 25 ghante padha,hinglish,routine.logHours,routine.setHours(n)
maine 25 ghante padha jarvis,hinglish,routine.logHours,routine.setHours(n)
maine 30 ghante padha,hinglish,routine.logHours,routine.setHours(n)
jarvis maine 30 ghante padha,hinglish,routine.logHours,routine.setHours(n)
maine 30 ghante padha jarvis,hinglish,routine.logHours,routine.setHours(n)
25 hours record karo,hinglish,routine.logHours,routine.setHours(n)
jarvis 25 hours record karo,hinglish,routine.logHours,routine.setHours(n)
25 hours record karo jarvis,hinglish,routine.logHours,routine.setHours(n)
30 hours record karo,hinglish,routine.logHours,routine.setHours(n)
jarvis 30 hours record karo,hinglish,routine.logHours,routine.setHours(n)
30 hours record karo jarvis,hinglish,routine.logHours,routine.setHours(n)
mark Polity lecture 12 done,en,lecture.markDone,"lectures.markDone(sub,num)"
jarvis mark Polity lecture 12 done,en,lecture.markDone,"lectures.markDone(sub,num)"
mark Polity lecture 12 done jarvis,en,lecture.markDone,"lectures.markDone(sub,num)"
mark Polity lecture 5 done,en,lecture.markDone,"lectures.markDone(sub,num)"
jarvis mark Polity lecture 5 done,en,lecture.markDone,"lectures.markDone(sub,num)"
mark Polity lecture 5 done jarvis,en,lecture.markDone,"lectures.markDone(sub,num)"
mark Economy lecture 12 done,en,lecture.markDone,"lectures.markDone(sub,num)"
jarvis mark Economy lecture 12 done,en,lecture.markDone,"lectures.markDone(sub,num)"
mark Economy lecture 12 done jarvis,en,lecture.markDone,"lectures.markDone(sub,num)"
mark Economy lecture 5 done,en,lecture.markDone,"lectures.markDone(sub,num)"
jarvis mark Economy lecture 5 done,en,lecture.markDone,"lectures.markDone(sub,num)"
mark Economy lecture 5 done jarvis,en,lecture.markDone,"lectures.markDone(sub,num)"
Polity lecture 12 complete,en,lecture.markDone,"lectures.markDone(sub,num)"
jarvis Polity lecture 12 complete,en,lecture.markDone,"lectures.markDone(sub,num)"
Polity lecture 12 complete jarvis,en,lecture.markDone,"lectures.markDone(sub,num)"
Polity lecture 5 complete,en,lecture.markDone,"lectures.markDone(sub,num)"
jarvis Polity lecture 5 complete,en,lecture.markDone,"lectures.markDone(sub,num)"
Polity lecture 5 complete jarvis,en,lecture.markDone,"lectures.markDone(sub,num)"
Economy lecture 12 complete,en,lecture.markDone,"lectures.markDone(sub,num)"
jarvis Economy lecture 12 complete,en,lecture.markDone,"lectures.markDone(sub,num)"
Economy lecture 12 complete jarvis,en,lecture.markDone,"lectures.markDone(sub,num)"
Economy lecture 5 complete,en,lecture.markDone,"lectures.markDone(sub,num)"
jarvis Economy lecture 5 complete,en,lecture.markDone,"lectures.markDone(sub,num)"
Economy lecture 5 complete jarvis,en,lecture.markDone,"lectures.markDone(sub,num)"
finished Polity 12,en,lecture.markDone,"lectures.markDone(sub,num)"
jarvis finished Polity 12,en,lecture.markDone,"lectures.markDone(sub,num)"
finished Polity 12 jarvis,en,lecture.markDone,"lectures.markDone(sub,num)"
finished Polity 5,en,lecture.markDone,"lectures.markDone(sub,num)"
jarvis finished Polity 5,en,lecture.markDone,"lectures.markDone(sub,num)"
finished Polity 5 jarvis,en,lecture.markDone,"lectures.markDone(sub,num)"
finished Economy 12,en,lecture.markDone,"lectures.markDone(sub,num)"
jarvis finished Economy 12,en,lecture.markDone,"lectures.markDone(sub,num)"
finished Economy 12 jarvis,en,lecture.markDone,"lectures.markDone(sub,num)"
finished Economy 5,en,lecture.markDone,"lectures.markDone(sub,num)"
jarvis finished Economy 5,en,lecture.markDone,"lectures.markDone(sub,num)"
finished Economy 5 jarvis,en,lecture.markDone,"lectures.markDone(sub,num)"
Polity लेक्चर 12 पूरा,hi,lecture.markDone,"lectures.markDone(sub,num)"
jarvis Polity लेक्चर 12 पूरा,hi,lecture.markDone,"lectures.markDone(sub,num)"
Polity लेक्चर 12 पूरा jarvis,hi,lecture.markDone,"lectures.markDone(sub,num)"
Polity लेक्चर 5 पूरा,hi,lecture.markDone,"lectures.markDone(sub,num)"
jarvis Polity लेक्चर 5 पूरा,hi,lecture.markDone,"lectures.markDone(sub,num)"
Polity लेक्चर 5 पूरा jarvis,hi,lecture.markDone,"lectures.markDone(sub,num)"
Economy लेक्चर 12 पूरा,hi,lecture.markDone,"lectures.markDone(sub,num)"
jarvis Economy लेक्चर 12 पूरा,hi,lecture.markDone,"lectures.markDone(sub,num)"
Economy लेक्चर 12 पूरा jarvis,hi,lecture.markDone,"lectures.markDone(sub,num)"
Economy लेक्चर 5 पूरा,hi,lecture.markDone,"lectures.markDone(sub,num)"
jarvis Economy लेक्चर 5 पूरा,hi,lecture.markDone,"lectures.markDone(sub,num)"
Economy लेक्चर 5 पूरा jarvis,hi,lecture.markDone,"lectures.markDone(sub,num)"
Polity लेक्चर 12 हो गया,hi,lecture.markDone,"lectures.markDone(sub,num)"
jarvis Polity लेक्चर 12 हो गया,hi,lecture.markDone,"lectures.markDone(sub,num)"
Polity लेक्चर 12 हो गया jarvis,hi,lecture.markDone,"lectures.markDone(sub,num)"
Polity लेक्चर 5 हो गया,hi,lecture.markDone,"lectures.markDone(sub,num)"
jarvis Polity लेक्चर 5 हो गया,hi,lecture.markDone,"lectures.markDone(sub,num)"
Polity लेक्चर 5 हो गया jarvis,hi,lecture.markDone,"lectures.markDone(sub,num)"
Economy लेक्चर 12 हो गया,hi,lecture.markDone,"lectures.markDone(sub,num)"
jarvis Economy लेक्चर 12 हो गया,hi,lecture.markDone,"lectures.markDone(sub,num)"
Economy लेक्चर 12 हो गया jarvis,hi,lecture.markDone,"lectures.markDone(sub,num)"
Economy लेक्चर 5 हो गया,hi,lecture.markDone,"lectures.markDone(sub,num)"
jarvis Economy लेक्चर 5 हो गया,hi,lecture.markDone,"lectures.markDone(sub,num)"
Economy लेक्चर 5 हो गया jarvis,hi,lecture.markDone,"lectures.markDone(sub,num)"
Polity 12 खत्म,hi,lecture.markDone,"lectures.markDone(sub,num)"
jarvis Polity 12 खत्म,hi,lecture.markDone,"lectures.markDone(sub,num)"
Polity 12 खत्म jarvis,hi,lecture.markDone,"lectures.markDone(sub,num)"
Polity 5 खत्म,hi,lecture.markDone,"lectures.markDone(sub,num)"
jarvis Polity 5 खत्म,hi,lecture.markDone,"lectures.markDone(sub,num)"
Polity 5 खत्म jarvis,hi,lecture.markDone,"lectures.markDone(sub,num)"
Economy 12 खत्म,hi,lecture.markDone,"lectures.markDone(sub,num)"
jarvis Economy 12 खत्म,hi,lecture.markDone,"lectures.markDone(sub,num)"
Economy 12 खत्म jarvis,hi,lecture.markDone,"lectures.markDone(sub,num)"
Economy 5 खत्म,hi,lecture.markDone,"lectures.markDone(sub,num)"
jarvis Economy 5 खत्म,hi,lecture.markDone,"lectures.markDone(sub,num)"
Economy 5 खत्म jarvis,hi,lecture.markDone,"lectures.markDone(sub,num)"
Polity lecture 12 done,hinglish,lecture.markDone,"lectures.markDone(sub,num)"
jarvis Polity lecture 12 done,hinglish,lecture.markDone,"lectures.markDone(sub,num)"
Polity lecture 12 done jarvis,hinglish,lecture.markDone,"lectures.markDone(sub,num)"
Polity lecture 5 done,hinglish,lecture.markDone,"lectures.markDone(sub,num)"
jarvis Polity lecture 5 done,hinglish,lecture.markDone,"lectures.markDone(sub,num)"
Polity lecture 5 done jarvis,hinglish,lecture.markDone,"lectures.markDone(sub,num)"
Economy lecture 12 done,hinglish,lecture.markDone,"lectures.markDone(sub,num)"
jarvis Economy lecture 12 done,hinglish,lecture.markDone,"lectures.markDone(sub,num)"
Economy lecture 12 done jarvis,hinglish,lecture.markDone,"lectures.markDone(sub,num)"
Economy lecture 5 done,hinglish,lecture.markDone,"lectures.markDone(sub,num)"
jarvis Economy lecture 5 done,hinglish,lecture.markDone,"lectures.markDone(sub,num)"
Economy lecture 5 done jarvis,hinglish,lecture.markDone,"lectures.markDone(sub,num)"
Polity lecture 12 ho gaya,hinglish,lecture.markDone,"lectures.markDone(sub,num)"
jarvis Polity lecture 12 ho gaya,hinglish,lecture.markDone,"lectures.markDone(sub,num)"
Polity lecture 12 ho gaya jarvis,hinglish,lecture.markDone,"lectures.markDone(sub,num)"
Polity lecture 5 ho gaya,hinglish,lecture.markDone,"lectures.markDone(sub,num)"
jarvis Polity lecture 5 ho gaya,hinglish,lecture.markDone,"lectures.markDone(sub,num)"
Polity lecture 5 ho gaya jarvis,hinglish,lecture.markDone,"lectures.markDone(sub,num)"
Economy lecture 12 ho gaya,hinglish,lecture.markDone,"lectures.markDone(sub,num)"
jarvis Economy lecture 12 ho gaya,hinglish,lecture.markDone,"lectures.markDone(sub,num)"
Economy lecture 12 ho gaya jarvis,hinglish,lecture.markDone,"lectures.markDone(sub,num)"
Economy lecture 5 ho gaya,hinglish,lecture.markDone,"lectures.markDone(sub,num)"
jarvis Economy lecture 5 ho gaya,hinglish,lecture.markDone,"lectures.markDone(sub,num)"
Economy lecture 5 ho gaya jarvis,hinglish,lecture.markDone,"lectures.markDone(sub,num)"
Polity 12 complete,hinglish,lecture.markDone,"lectures.markDone(sub,num)"
jarvis Polity 12 complete,hinglish,lecture.markDone,"lectures.markDone(sub,num)"
Polity 12 complete jarvis,hinglish,lecture.markDone,"lectures.markDone(sub,num)"
Polity 5 complete,hinglish,lecture.markDone,"lectures.markDone(sub,num)"
jarvis Polity 5 complete,hinglish,lecture.markDone,"lectures.markDone(sub,num)"
Polity 5 complete jarvis,hinglish,lecture.markDone,"lectures.markDone(sub,num)"
Economy 12 complete,hinglish,lecture.markDone,"lectures.markDone(sub,num)"
jarvis Economy 12 complete,hinglish,lecture.markDone,"lectures.markDone(sub,num)"
Economy 12 complete jarvis,hinglish,lecture.markDone,"lectures.markDone(sub,num)"
Economy 5 complete,hinglish,lecture.markDone,"lectures.markDone(sub,num)"
jarvis Economy 5 complete,hinglish,lecture.markDone,"lectures.markDone(sub,num)"
Economy 5 complete jarvis,hinglish,lecture.markDone,"lectures.markDone(sub,num)"
what's my next Polity lecture,en,lecture.next,lectures.next(sub)
jarvis what's my next Polity lecture,en,lecture.next,lectures.next(sub)
what's my next Polity lecture jarvis,en,lecture.next,lectures.next(sub)
what's my next Economy lecture,en,lecture.next,lectures.next(sub)
jarvis what's my next Economy lecture,en,lecture.next,lectures.next(sub)
what's my next Economy lecture jarvis,en,lecture.next,lectures.next(sub)
next lecture in Polity,en,lecture.next,lectures.next(sub)
jarvis next lecture in Polity,en,lecture.next,lectures.next(sub)
next lecture in Polity jarvis,en,lecture.next,lectures.next(sub)
next lecture in Economy,en,lecture.next,lectures.next(sub)
jarvis next lecture in Economy,en,lecture.next,lectures.next(sub)
next lecture in Economy jarvis,en,lecture.next,lectures.next(sub)
what comes next in Polity,en,lecture.next,lectures.next(sub)
jarvis what comes next in Polity,en,lecture.next,lectures.next(sub)
what comes next in Polity jarvis,en,lecture.next,lectures.next(sub)
what comes next in Economy,en,lecture.next,lectures.next(sub)
jarvis what comes next in Economy,en,lecture.next,lectures.next(sub)
what comes next in Economy jarvis,en,lecture.next,lectures.next(sub)
Polity का अगला लेक्चर,hi,lecture.next,lectures.next(sub)
jarvis Polity का अगला लेक्चर,hi,lecture.next,lectures.next(sub)
Polity का अगला लेक्चर jarvis,hi,lecture.next,lectures.next(sub)
Economy का अगला लेक्चर,hi,lecture.next,lectures.next(sub)
jarvis Economy का अगला लेक्चर,hi,lecture.next,lectures.next(sub)
Economy का अगला लेक्चर jarvis,hi,lecture.next,lectures.next(sub)
Polity में आगे क्या है,hi,lecture.next,lectures.next(sub)
jarvis Polity में आगे क्या है,hi,lecture.next,lectures.next(sub)
Polity में आगे क्या है jarvis,hi,lecture.next,lectures.next(sub)
Economy में आगे क्या है,hi,lecture.next,lectures.next(sub)
jarvis Economy में आगे क्या है,hi,lecture.next,lectures.next(sub)
Economy में आगे क्या है jarvis,hi,lecture.next,lectures.next(sub)
अगला Polity लेक्चर कौनसा,hi,lecture.next,lectures.next(sub)
jarvis अगला Polity लेक्चर कौनसा,hi,lecture.next,lectures.next(sub)
अगला Polity लेक्चर कौनसा jarvis,hi,lecture.next,lectures.next(sub)
अगला Economy लेक्चर कौनसा,hi,lecture.next,lectures.next(sub)
jarvis अगला Economy लेक्चर कौनसा,hi,lecture.next,lectures.next(sub)
अगला Economy लेक्चर कौनसा jarvis,hi,lecture.next,lectures.next(sub)
Polity ka next lecture,hinglish,lecture.next,lectures.next(sub)
jarvis Polity ka next lecture,hinglish,lecture.next,lectures.next(sub)
Polity ka next lecture jarvis,hinglish,lecture.next,lectures.next(sub)
Economy ka next lecture,hinglish,lecture.next,lectures.next(sub)
jarvis Economy ka next lecture,hinglish,lecture.next,lectures.next(sub)
Economy ka next lecture jarvis,hinglish,lecture.next,lectures.next(sub)
Polity mein aage kya,hinglish,lecture.next,lectures.next(sub)
jarvis Polity mein aage kya,hinglish,lecture.next,lectures.next(sub)
Polity mein aage kya jarvis,hinglish,lecture.next,lectures.next(sub)
Economy mein aage kya,hinglish,lecture.next,lectures.next(sub)
jarvis Economy mein aage kya,hinglish,lecture.next,lectures.next(sub)
Economy mein aage kya jarvis,hinglish,lecture.next,lectures.next(sub)
agla Polity lecture konsa,hinglish,lecture.next,lectures.next(sub)
jarvis agla Polity lecture konsa,hinglish,lecture.next,lectures.next(sub)
agla Polity lecture konsa jarvis,hinglish,lecture.next,lectures.next(sub)
agla Economy lecture konsa,hinglish,lecture.next,lectures.next(sub)
jarvis agla Economy lecture konsa,hinglish,lecture.next,lectures.next(sub)
agla Economy lecture konsa jarvis,hinglish,lecture.next,lectures.next(sub)
generate my study plan,en,plan.generate,planner.generate()
jarvis generate my study plan,en,plan.generate,planner.generate()
generate my study plan jarvis,en,plan.generate,planner.generate()
make my plan,en,plan.generate,planner.generate()
jarvis make my plan,en,plan.generate,planner.generate()
make my plan jarvis,en,plan.generate,planner.generate()
build my schedule,en,plan.generate,planner.generate()
jarvis build my schedule,en,plan.generate,planner.generate()
build my schedule jarvis,en,plan.generate,planner.generate()
plan my days,en,plan.generate,planner.generate()
jarvis plan my days,en,plan.generate,planner.generate()
plan my days jarvis,en,plan.generate,planner.generate()
मेरा प्लान बनाओ,hi,plan.generate,planner.generate()
jarvis मेरा प्लान बनाओ,hi,plan.generate,planner.generate()
मेरा प्लान बनाओ jarvis,hi,plan.generate,planner.generate()
शेड्यूल बनाओ,hi,plan.generate,planner.generate()
jarvis शेड्यूल बनाओ,hi,plan.generate,planner.generate()
शेड्यूल बनाओ jarvis,hi,plan.generate,planner.generate()
मेरे दिन प्लान करो,hi,plan.generate,planner.generate()
jarvis मेरे दिन प्लान करो,hi,plan.generate,planner.generate()
मेरे दिन प्लान करो jarvis,hi,plan.generate,planner.generate()
mera plan banao,hinglish,plan.generate,planner.generate()
jarvis mera plan banao,hinglish,plan.generate,planner.generate()
mera plan banao jarvis,hinglish,plan.generate,planner.generate()
schedule bana do,hinglish,plan.generate,planner.generate()
jarvis schedule bana do,hinglish,plan.generate,planner.generate()
schedule bana do jarvis,hinglish,plan.generate,planner.generate()
mere din plan karo,hinglish,plan.generate,planner.generate()
jarvis mere din plan karo,hinglish,plan.generate,planner.generate()
mere din plan karo jarvis,hinglish,plan.generate,planner.generate()
what should i study today,en,plan.today,planner.today()
jarvis what should i study today,en,plan.today,planner.today()
what should i study today jarvis,en,plan.today,planner.today()
today's plan,en,plan.today,planner.today()
jarvis today's plan,en,plan.today,planner.today()
today's plan jarvis,en,plan.today,planner.today()
what's on today,en,plan.today,planner.today()
jarvis what's on today,en,plan.today,planner.today()
what's on today jarvis,en,plan.today,planner.today()
आज क्या पढ़ूँ,hi,plan.today,planner.today()
jarvis आज क्या पढ़ूँ,hi,plan.today,planner.today()
आज क्या पढ़ूँ jarvis,hi,plan.today,planner.today()
आज का प्लान,hi,plan.today,planner.today()
jarvis आज का प्लान,hi,plan.today,planner.today()
आज का प्लान jarvis,hi,plan.today,planner.today()
आज क्या है,hi,plan.today,planner.today()
jarvis आज क्या है,hi,plan.today,planner.today()
आज क्या है jarvis,hi,plan.today,planner.today()
aaj kya padhna hai,hinglish,plan.today,planner.today()
jarvis aaj kya padhna hai,hinglish,plan.today,planner.today()
aaj kya padhna hai jarvis,hinglish,plan.today,planner.today()
aaj ka plan batao,hinglish,plan.today,planner.today()
jarvis aaj ka plan batao,hinglish,plan.today,planner.today()
aaj ka plan batao jarvis,hinglish,plan.today,planner.today()
today kya karna,hinglish,plan.today,planner.today()
jarvis today kya karna,hinglish,plan.today,planner.today()
today kya karna jarvis,hinglish,plan.today,planner.today()
how behind am i,en,plan.behind,planner.behind()
jarvis how behind am i,en,plan.behind,planner.behind()
how behind am i jarvis,en,plan.behind,planner.behind()
am i on track,en,plan.behind,planner.behind()
jarvis am i on track,en,plan.behind,planner.behind()
am i on track jarvis,en,plan.behind,planner.behind()
how much am i lagging,en,plan.behind,planner.behind()
jarvis how much am i lagging,en,plan.behind,planner.behind()
how much am i lagging jarvis,en,plan.behind,planner.behind()
मैं कितना पीछे हूँ,hi,plan.behind,planner.behind()
jarvis मैं कितना पीछे हूँ,hi,plan.behind,planner.behind()
मैं कितना पीछे हूँ jarvis,hi,plan.behind,planner.behind()
ट्रैक पर हूँ क्या,hi,plan.behind,planner.behind()
jarvis ट्रैक पर हूँ क्या,hi,plan.behind,planner.behind()
ट्रैक पर हूँ क्या jarvis,hi,plan.behind,planner.behind()
कितना पिछड़ा हूँ,hi,plan.behind,planner.behind()
jarvis कितना पिछड़ा हूँ,hi,plan.behind,planner.behind()
कितना पिछड़ा हूँ jarvis,hi,plan.behind,planner.behind()
main kitna peeche hoon,hinglish,plan.behind,planner.behind()
jarvis main kitna peeche hoon,hinglish,plan.behind,planner.behind()
main kitna peeche hoon jarvis,hinglish,plan.behind,planner.behind()
track pe hoon kya,hinglish,plan.behind,planner.behind()
jarvis track pe hoon kya,hinglish,plan.behind,planner.behind()
track pe hoon kya jarvis,hinglish,plan.behind,planner.behind()
kitna lag ho gaya,hinglish,plan.behind,planner.behind()
jarvis kitna lag ho gaya,hinglish,plan.behind,planner.behind()
kitna lag ho gaya jarvis,hinglish,plan.behind,planner.behind()
what's due for revision,en,revision.due,srs.due()
jarvis what's due for revision,en,revision.due,srs.due()
what's due for revision jarvis,en,revision.due,srs.due()
revision today,en,revision.due,srs.due()
jarvis revision today,en,revision.due,srs.due()
revision today jarvis,en,revision.due,srs.due()
what should i revise,en,revision.due,srs.due()
jarvis what should i revise,en,revision.due,srs.due()
what should i revise jarvis,en,revision.due,srs.due()
आज रिवीजन में क्या है,hi,revision.due,srs.due()
jarvis आज रिवीजन में क्या है,hi,revision.due,srs.due()
आज रिवीजन में क्या है jarvis,hi,revision.due,srs.due()
रिवीजन ड्यू,hi,revision.due,srs.due()
jarvis रिवीजन ड्यू,hi,revision.due,srs.due()
रिवीजन ड्यू jarvis,hi,revision.due,srs.due()
क्या रिवाइज करूँ,hi,revision.due,srs.due()
jarvis क्या रिवाइज करूँ,hi,revision.due,srs.due()
क्या रिवाइज करूँ jarvis,hi,revision.due,srs.due()
aaj revision mein kya,hinglish,revision.due,srs.due()
jarvis aaj revision mein kya,hinglish,revision.due,srs.due()
aaj revision mein kya jarvis,hinglish,revision.due,srs.due()
revision due batao,hinglish,revision.due,srs.due()
jarvis revision due batao,hinglish,revision.due,srs.due()
revision due batao jarvis,hinglish,revision.due,srs.due()
kya revise karu,hinglish,revision.due,srs.due()
jarvis kya revise karu,hinglish,revision.due,srs.due()
kya revise karu jarvis,hinglish,revision.due,srs.due()
revise this later,en,revision.flag,srs.flag(item)
jarvis revise this later,en,revision.flag,srs.flag(item)
revise this later jarvis,en,revision.flag,srs.flag(item)
add this to revision,en,revision.flag,srs.flag(item)
jarvis add this to revision,en,revision.flag,srs.flag(item)
add this to revision jarvis,en,revision.flag,srs.flag(item)
flag this for revision,en,revision.flag,srs.flag(item)
jarvis flag this for revision,en,revision.flag,srs.flag(item)
flag this for revision jarvis,en,revision.flag,srs.flag(item)
इसे रिवीजन में डालो,hi,revision.flag,srs.flag(item)
jarvis इसे रिवीजन में डालो,hi,revision.flag,srs.flag(item)
इसे रिवीजन में डालो jarvis,hi,revision.flag,srs.flag(item)
बाद में रिवाइज करना,hi,revision.flag,srs.flag(item)
jarvis बाद में रिवाइज करना,hi,revision.flag,srs.flag(item)
बाद में रिवाइज करना jarvis,hi,revision.flag,srs.flag(item)
रिवीजन के लिए फ्लैग,hi,revision.flag,srs.flag(item)
jarvis रिवीजन के लिए फ्लैग,hi,revision.flag,srs.flag(item)
रिवीजन के लिए फ्लैग jarvis,hi,revision.flag,srs.flag(item)
isko revision mein daalo,hinglish,revision.flag,srs.flag(item)
jarvis isko revision mein daalo,hinglish,revision.flag,srs.flag(item)
isko revision mein daalo jarvis,hinglish,revision.flag,srs.flag(item)
ye baad mein revise,hinglish,revision.flag,srs.flag(item)
jarvis ye baad mein revise,hinglish,revision.flag,srs.flag(item)
ye baad mein revise jarvis,hinglish,revision.flag,srs.flag(item)
revision flag karo,hinglish,revision.flag,srs.flag(item)
jarvis revision flag karo,hinglish,revision.flag,srs.flag(item)
revision flag karo jarvis,hinglish,revision.flag,srs.flag(item)
log a mistake,en,mistake.add,mistakes.add(t)
jarvis log a mistake,en,mistake.add,mistakes.add(t)
log a mistake jarvis,en,mistake.add,mistakes.add(t)
add this mistake,en,mistake.add,mistakes.add(t)
jarvis add this mistake,en,mistake.add,mistakes.add(t)
add this mistake jarvis,en,mistake.add,mistakes.add(t)
note my error,en,mistake.add,mistakes.add(t)
jarvis note my error,en,mistake.add,mistakes.add(t)
note my error jarvis,en,mistake.add,mistakes.add(t)
गलती दर्ज करो,hi,mistake.add,mistakes.add(t)
jarvis गलती दर्ज करो,hi,mistake.add,mistakes.add(t)
गलती दर्ज करो jarvis,hi,mistake.add,mistakes.add(t)
ये गलती जोड़ो,hi,mistake.add,mistakes.add(t)
jarvis ये गलती जोड़ो,hi,mistake.add,mistakes.add(t)
ये गलती जोड़ो jarvis,hi,mistake.add,mistakes.add(t)
एरर नोट करो,hi,mistake.add,mistakes.add(t)
jarvis एरर नोट करो,hi,mistake.add,mistakes.add(t)
एरर नोट करो jarvis,hi,mistake.add,mistakes.add(t)
mistake note karo,hinglish,mistake.add,mistakes.add(t)
jarvis mistake note karo,hinglish,mistake.add,mistakes.add(t)
mistake note karo jarvis,hinglish,mistake.add,mistakes.add(t)
ye galti add karo,hinglish,mistake.add,mistakes.add(t)
jarvis ye galti add karo,hinglish,mistake.add,mistakes.add(t)
ye galti add karo jarvis,hinglish,mistake.add,mistakes.add(t)
error log karo,hinglish,mistake.add,mistakes.add(t)
jarvis error log karo,hinglish,mistake.add,mistakes.add(t)
error log karo jarvis,hinglish,mistake.add,mistakes.add(t)
log current affairs,en,ca.add,currentAffairs.add(t)
jarvis log current affairs,en,ca.add,currentAffairs.add(t)
log current affairs jarvis,en,ca.add,currentAffairs.add(t)
add a current affair,en,ca.add,currentAffairs.add(t)
jarvis add a current affair,en,ca.add,currentAffairs.add(t)
add a current affair jarvis,en,ca.add,currentAffairs.add(t)
note this news,en,ca.add,currentAffairs.add(t)
jarvis note this news,en,ca.add,currentAffairs.add(t)
note this news jarvis,en,ca.add,currentAffairs.add(t)
करंट अफेयर जोड़ो,hi,ca.add,currentAffairs.add(t)
jarvis करंट अफेयर जोड़ो,hi,ca.add,currentAffairs.add(t)
करंट अफेयर जोड़ो jarvis,hi,ca.add,currentAffairs.add(t)
ये खबर नोट करो,hi,ca.add,currentAffairs.add(t)
jarvis ये खबर नोट करो,hi,ca.add,currentAffairs.add(t)
ये खबर नोट करो jarvis,hi,ca.add,currentAffairs.add(t)
समसामयिकी दर्ज करो,hi,ca.add,currentAffairs.add(t)
jarvis समसामयिकी दर्ज करो,hi,ca.add,currentAffairs.add(t)
समसामयिकी दर्ज करो jarvis,hi,ca.add,currentAffairs.add(t)
current affair add karo,hinglish,ca.add,currentAffairs.add(t)
jarvis current affair add karo,hinglish,ca.add,currentAffairs.add(t)
current affair add karo jarvis,hinglish,ca.add,currentAffairs.add(t)
ye news note karo,hinglish,ca.add,currentAffairs.add(t)
jarvis ye news note karo,hinglish,ca.add,currentAffairs.add(t)
ye news note karo jarvis,hinglish,ca.add,currentAffairs.add(t)
CA log karo,hinglish,ca.add,currentAffairs.add(t)
jarvis CA log karo,hinglish,ca.add,currentAffairs.add(t)
CA log karo jarvis,hinglish,ca.add,currentAffairs.add(t)
show me article 80,en,const.article,constitution.show(a)
jarvis show me article 80,en,const.article,constitution.show(a)
show me article 80 jarvis,en,const.article,constitution.show(a)
show me article 75,en,const.article,constitution.show(a)
jarvis show me article 75,en,const.article,constitution.show(a)
show me article 75 jarvis,en,const.article,constitution.show(a)
what is article 80,en,const.article,constitution.show(a)
jarvis what is article 80,en,const.article,constitution.show(a)
what is article 80 jarvis,en,const.article,constitution.show(a)
what is article 75,en,const.article,constitution.show(a)
jarvis what is article 75,en,const.article,constitution.show(a)
what is article 75 jarvis,en,const.article,constitution.show(a)
read article 80,en,const.article,constitution.show(a)
jarvis read article 80,en,const.article,constitution.show(a)
read article 80 jarvis,en,const.article,constitution.show(a)
read article 75,en,const.article,constitution.show(a)
jarvis read article 75,en,const.article,constitution.show(a)
read article 75 jarvis,en,const.article,constitution.show(a)
अनुच्छेद 80 दिखाओ,hi,const.article,constitution.show(a)
jarvis अनुच्छेद 80 दिखाओ,hi,const.article,constitution.show(a)
अनुच्छेद 80 दिखाओ jarvis,hi,const.article,constitution.show(a)
अनुच्छेद 75 दिखाओ,hi,const.article,constitution.show(a)
jarvis अनुच्छेद 75 दिखाओ,hi,const.article,constitution.show(a)
अनुच्छेद 75 दिखाओ jarvis,hi,const.article,constitution.show(a)
आर्टिकल 80 क्या है,hi,const.article,constitution.show(a)
jarvis आर्टिकल 80 क्या है,hi,const.article,constitution.show(a)
आर्टिकल 80 क्या है jarvis,hi,const.article,constitution.show(a)
आर्टिकल 75 क्या है,hi,const.article,constitution.show(a)
jarvis आर्टिकल 75 क्या है,hi,const.article,constitution.show(a)
आर्टिकल 75 क्या है jarvis,hi,const.article,constitution.show(a)
अनुच्छेद 80 पढ़ो,hi,const.article,constitution.show(a)
jarvis अनुच्छेद 80 पढ़ो,hi,const.article,constitution.show(a)
अनुच्छेद 80 पढ़ो jarvis,hi,const.article,constitution.show(a)
अनुच्छेद 75 पढ़ो,hi,const.article,constitution.show(a)
jarvis अनुच्छेद 75 पढ़ो,hi,const.article,constitution.show(a)
अनुच्छेद 75 पढ़ो jarvis,hi,const.article,constitution.show(a)
article 80 batao,hinglish,const.article,constitution.show(a)
jarvis article 80 batao,hinglish,const.article,constitution.show(a)
article 80 batao jarvis,hinglish,const.article,constitution.show(a)
article 75 batao,hinglish,const.article,constitution.show(a)
jarvis article 75 batao,hinglish,const.article,constitution.show(a)
article 75 batao jarvis,hinglish,const.article,constitution.show(a)
article 80 kya hai,hinglish,const.article,constitution.show(a)
jarvis article 80 kya hai,hinglish,const.article,constitution.show(a)
article 80 kya hai jarvis,hinglish,const.article,constitution.show(a)
article 75 kya hai,hinglish,const.article,constitution.show(a)
jarvis article 75 kya hai,hinglish,const.article,constitution.show(a)
article 75 kya hai jarvis,hinglish,const.article,constitution.show(a)
article 80 padho,hinglish,const.article,constitution.show(a)
jarvis article 80 padho,hinglish,const.article,constitution.show(a)
article 80 padho jarvis,hinglish,const.article,constitution.show(a)
article 75 padho,hinglish,const.article,constitution.show(a)
jarvis article 75 padho,hinglish,const.article,constitution.show(a)
article 75 padho jarvis,hinglish,const.article,constitution.show(a)
find articles about fundamental rights,en,const.search,constitution.search(q)
jarvis find articles about fundamental rights,en,const.search,constitution.search(q)
find articles about fundamental rights jarvis,en,const.search,constitution.search(q)
find articles about fiscal deficit,en,const.search,constitution.search(q)
jarvis find articles about fiscal deficit,en,const.search,constitution.search(q)
find articles about fiscal deficit jarvis,en,const.search,constitution.search(q)
search constitution for fundamental rights,en,const.search,constitution.search(q)
jarvis search constitution for fundamental rights,en,const.search,constitution.search(q)
search constitution for fundamental rights jarvis,en,const.search,constitution.search(q)
search constitution for fiscal deficit,en,const.search,constitution.search(q)
jarvis search constitution for fiscal deficit,en,const.search,constitution.search(q)
search constitution for fiscal deficit jarvis,en,const.search,constitution.search(q)
which article covers fundamental rights,en,const.search,constitution.search(q)
jarvis which article covers fundamental rights,en,const.search,constitution.search(q)
which article covers fundamental rights jarvis,en,const.search,constitution.search(q)
which article covers fiscal deficit,en,const.search,constitution.search(q)
jarvis which article covers fiscal deficit,en,const.search,constitution.search(q)
which article covers fiscal deficit jarvis,en,const.search,constitution.search(q)
fundamental rights से जुड़े अनुच्छेद,hi,const.search,constitution.search(q)
jarvis fundamental rights से जुड़े अनुच्छेद,hi,const.search,constitution.search(q)
fundamental rights से जुड़े अनुच्छेद jarvis,hi,const.search,constitution.search(q)
fiscal deficit से जुड़े अनुच्छेद,hi,const.search,constitution.search(q)
jarvis fiscal deficit से जुड़े अनुच्छेद,hi,const.search,constitution.search(q)
fiscal deficit से जुड़े अनुच्छेद jarvis,hi,const.search,constitution.search(q)
संविधान में fundamental rights खोजो,hi,const.search,constitution.search(q)
jarvis संविधान में fundamental rights खोजो,hi,const.search,constitution.search(q)
संविधान में fundamental rights खोजो jarvis,hi,const.search,constitution.search(q)
संविधान में fiscal deficit खोजो,hi,const.search,constitution.search(q)
jarvis संविधान में fiscal deficit खोजो,hi,const.search,constitution.search(q)
संविधान में fiscal deficit खोजो jarvis,hi,const.search,constitution.search(q)
fundamental rights कौनसे आर्टिकल में,hi,const.search,constitution.search(q)
jarvis fundamental rights कौनसे आर्टिकल में,hi,const.search,constitution.search(q)
fundamental rights कौनसे आर्टिकल में jarvis,hi,const.search,constitution.search(q)
fiscal deficit कौनसे आर्टिकल में,hi,const.search,constitution.search(q)
jarvis fiscal deficit कौनसे आर्टिकल में,hi,const.search,constitution.search(q)
fiscal deficit कौनसे आर्टिकल में jarvis,hi,const.search,constitution.search(q)
fundamental rights ke articles dhundo,hinglish,const.search,constitution.search(q)
jarvis fundamental rights ke articles dhundo,hinglish,const.search,constitution.search(q)
fundamental rights ke articles dhundo jarvis,hinglish,const.search,constitution.search(q)
fiscal deficit ke articles dhundo,hinglish,const.search,constitution.search(q)
jarvis fiscal deficit ke articles dhundo,hinglish,const.search,constitution.search(q)
fiscal deficit ke articles dhundo jarvis,hinglish,const.search,constitution.search(q)
constitution mein fundamental rights search,hinglish,const.search,constitution.search(q)
jarvis constitution mein fundamental rights search,hinglish,const.search,constitution.search(q)
constitution mein fundamental rights search jarvis,hinglish,const.search,constitution.search(q)
constitution mein fiscal deficit search,hinglish,const.search,constitution.search(q)
jarvis constitution mein fiscal deficit search,hinglish,const.search,constitution.search(q)
constitution mein fiscal deficit search jarvis,hinglish,const.search,constitution.search(q)
fundamental rights konse article mein,hinglish,const.search,constitution.search(q)
jarvis fundamental rights konse article mein,hinglish,const.search,constitution.search(q)
fundamental rights konse article mein jarvis,hinglish,const.search,constitution.search(q)
fiscal deficit konse article mein,hinglish,const.search,constitution.search(q)
jarvis fiscal deficit konse article mein,hinglish,const.search,constitution.search(q)
fiscal deficit konse article mein jarvis,hinglish,const.search,constitution.search(q)
how much syllabus is covered,en,syl.coverage,syllabus.coverage()
jarvis how much syllabus is covered,en,syl.coverage,syllabus.coverage()
how much syllabus is covered jarvis,en,syl.coverage,syllabus.coverage()
my syllabus coverage,en,syl.coverage,syllabus.coverage()
jarvis my syllabus coverage,en,syl.coverage,syllabus.coverage()
my syllabus coverage jarvis,en,syl.coverage,syllabus.coverage()
percent syllabus done,en,syl.coverage,syllabus.coverage()
jarvis percent syllabus done,en,syl.coverage,syllabus.coverage()
percent syllabus done jarvis,en,syl.coverage,syllabus.coverage()
कितना सिलेबस हुआ,hi,syl.coverage,syllabus.coverage()
jarvis कितना सिलेबस हुआ,hi,syl.coverage,syllabus.coverage()
कितना सिलेबस हुआ jarvis,hi,syl.coverage,syllabus.coverage()
सिलेबस कवरेज,hi,syl.coverage,syllabus.coverage()
jarvis सिलेबस कवरेज,hi,syl.coverage,syllabus.coverage()
सिलेबस कवरेज jarvis,hi,syl.coverage,syllabus.coverage()
कितना प्रतिशत पूरा,hi,syl.coverage,syllabus.coverage()
jarvis कितना प्रतिशत पूरा,hi,syl.coverage,syllabus.coverage()
कितना प्रतिशत पूरा jarvis,hi,syl.coverage,syllabus.coverage()
kitna syllabus cover hua,hinglish,syl.coverage,syllabus.coverage()
jarvis kitna syllabus cover hua,hinglish,syl.coverage,syllabus.coverage()
kitna syllabus cover hua jarvis,hinglish,syl.coverage,syllabus.coverage()
syllabus coverage batao,hinglish,syl.coverage,syllabus.coverage()
jarvis syllabus coverage batao,hinglish,syl.coverage,syllabus.coverage()
syllabus coverage batao jarvis,hinglish,syl.coverage,syllabus.coverage()
kitna percent done,hinglish,syl.coverage,syllabus.coverage()
jarvis kitna percent done,hinglish,syl.coverage,syllabus.coverage()
kitna percent done jarvis,hinglish,syl.coverage,syllabus.coverage()
log my mock test,en,test.log,tests.log(...)
jarvis log my mock test,en,test.log,tests.log(...)
log my mock test jarvis,en,test.log,tests.log(...)
record a test,en,test.log,tests.log(...)
jarvis record a test,en,test.log,tests.log(...)
record a test jarvis,en,test.log,tests.log(...)
add test result,en,test.log,tests.log(...)
jarvis add test result,en,test.log,tests.log(...)
add test result jarvis,en,test.log,tests.log(...)
मॉक टेस्ट दर्ज करो,hi,test.log,tests.log(...)
jarvis मॉक टेस्ट दर्ज करो,hi,test.log,tests.log(...)
मॉक टेस्ट दर्ज करो jarvis,hi,test.log,tests.log(...)
टेस्ट रिकॉर्ड करो,hi,test.log,tests.log(...)
jarvis टेस्ट रिकॉर्ड करो,hi,test.log,tests.log(...)
टेस्ट रिकॉर्ड करो jarvis,hi,test.log,tests.log(...)
टेस्ट रिजल्ट जोड़ो,hi,test.log,tests.log(...)
jarvis टेस्ट रिजल्ट जोड़ो,hi,test.log,tests.log(...)
टेस्ट रिजल्ट जोड़ो jarvis,hi,test.log,tests.log(...)
mock test log karo,hinglish,test.log,tests.log(...)
jarvis mock test log karo,hinglish,test.log,tests.log(...)
mock test log karo jarvis,hinglish,test.log,tests.log(...)
test record karo,hinglish,test.log,tests.log(...)
jarvis test record karo,hinglish,test.log,tests.log(...)
test record karo jarvis,hinglish,test.log,tests.log(...)
test result add karo,hinglish,test.log,tests.log(...)
jarvis test result add karo,hinglish,test.log,tests.log(...)
test result add karo jarvis,hinglish,test.log,tests.log(...)
when's my next test,en,test.next,tests.next()
jarvis when's my next test,en,test.next,tests.next()
when's my next test jarvis,en,test.next,tests.next()
next test date,en,test.next,tests.next()
jarvis next test date,en,test.next,tests.next()
next test date jarvis,en,test.next,tests.next()
upcoming test,en,test.next,tests.next()
jarvis upcoming test,en,test.next,tests.next()
upcoming test jarvis,en,test.next,tests.next()
अगला टेस्ट कब है,hi,test.next,tests.next()
jarvis अगला टेस्ट कब है,hi,test.next,tests.next()
अगला टेस्ट कब है jarvis,hi,test.next,tests.next()
अगली टेस्ट डेट,hi,test.next,tests.next()
jarvis अगली टेस्ट डेट,hi,test.next,tests.next()
अगली टेस्ट डेट jarvis,hi,test.next,tests.next()
आने वाला टेस्ट,hi,test.next,tests.next()
jarvis आने वाला टेस्ट,hi,test.next,tests.next()
आने वाला टेस्ट jarvis,hi,test.next,tests.next()
next test kab hai,hinglish,test.next,tests.next()
jarvis next test kab hai,hinglish,test.next,tests.next()
next test kab hai jarvis,hinglish,test.next,tests.next()
agli test date,hinglish,test.next,tests.next()
jarvis agli test date,hinglish,test.next,tests.next()
agli test date jarvis,hinglish,test.next,tests.next()
aane wala test,hinglish,test.next,tests.next()
jarvis aane wala test,hinglish,test.next,tests.next()
aane wala test jarvis,hinglish,test.next,tests.next()
log an answer written,en,ans.log,answers.log(...)
jarvis log an answer written,en,ans.log,answers.log(...)
log an answer written jarvis,en,ans.log,answers.log(...)
i wrote 25 answers,en,ans.log,answers.log(...)
jarvis i wrote 25 answers,en,ans.log,answers.log(...)
i wrote 25 answers jarvis,en,ans.log,answers.log(...)
i wrote 30 answers,en,ans.log,answers.log(...)
jarvis i wrote 30 answers,en,ans.log,answers.log(...)
i wrote 30 answers jarvis,en,ans.log,answers.log(...)
record answer writing,en,ans.log,answers.log(...)
jarvis record answer writing,en,ans.log,answers.log(...)
record answer writing jarvis,en,ans.log,answers.log(...)
आंसर लिखना दर्ज करो,hi,ans.log,answers.log(...)
jarvis आंसर लिखना दर्ज करो,hi,ans.log,answers.log(...)
आंसर लिखना दर्ज करो jarvis,hi,ans.log,answers.log(...)
मैंने 25 आंसर लिखे,hi,ans.log,answers.log(...)
jarvis मैंने 25 आंसर लिखे,hi,ans.log,answers.log(...)
मैंने 25 आंसर लिखे jarvis,hi,ans.log,answers.log(...)
मैंने 30 आंसर लिखे,hi,ans.log,answers.log(...)
jarvis मैंने 30 आंसर लिखे,hi,ans.log,answers.log(...)
मैंने 30 आंसर लिखे jarvis,hi,ans.log,answers.log(...)
आंसर राइटिंग रिकॉर्ड,hi,ans.log,answers.log(...)
jarvis आंसर राइटिंग रिकॉर्ड,hi,ans.log,answers.log(...)
आंसर राइटिंग रिकॉर्ड jarvis,hi,ans.log,answers.log(...)
answer likha log karo,hinglish,ans.log,answers.log(...)
jarvis answer likha log karo,hinglish,ans.log,answers.log(...)
answer likha log karo jarvis,hinglish,ans.log,answers.log(...)
maine 25 answer likhe,hinglish,ans.log,answers.log(...)
jarvis maine 25 answer likhe,hinglish,ans.log,answers.log(...)
maine 25 answer likhe jarvis,hinglish,ans.log,answers.log(...)
maine 30 answer likhe,hinglish,ans.log,answers.log(...)
jarvis maine 30 answer likhe,hinglish,ans.log,answers.log(...)
maine 30 answer likhe jarvis,hinglish,ans.log,answers.log(...)
answer writing record,hinglish,ans.log,answers.log(...)
jarvis answer writing record,hinglish,ans.log,answers.log(...)
answer writing record jarvis,hinglish,ans.log,answers.log(...)
set my daily goal to 25 hours,en,goal.set,goals.set(...)
jarvis set my daily goal to 25 hours,en,goal.set,goals.set(...)
set my daily goal to 25 hours jarvis,en,goal.set,goals.set(...)
set my daily goal to 30 hours,en,goal.set,goals.set(...)
jarvis set my daily goal to 30 hours,en,goal.set,goals.set(...)
set my daily goal to 30 hours jarvis,en,goal.set,goals.set(...)
make my target 25 hours,en,goal.set,goals.set(...)
jarvis make my target 25 hours,en,goal.set,goals.set(...)
make my target 25 hours jarvis,en,goal.set,goals.set(...)
make my target 30 hours,en,goal.set,goals.set(...)
jarvis make my target 30 hours,en,goal.set,goals.set(...)
make my target 30 hours jarvis,en,goal.set,goals.set(...)
daily goal 25,en,goal.set,goals.set(...)
jarvis daily goal 25,en,goal.set,goals.set(...)
daily goal 25 jarvis,en,goal.set,goals.set(...)
daily goal 30,en,goal.set,goals.set(...)
jarvis daily goal 30,en,goal.set,goals.set(...)
daily goal 30 jarvis,en,goal.set,goals.set(...)
रोज का लक्ष्य 25 घंटे,hi,goal.set,goals.set(...)
jarvis रोज का लक्ष्य 25 घंटे,hi,goal.set,goals.set(...)
रोज का लक्ष्य 25 घंटे jarvis,hi,goal.set,goals.set(...)
रोज का लक्ष्य 30 घंटे,hi,goal.set,goals.set(...)
jarvis रोज का लक्ष्य 30 घंटे,hi,goal.set,goals.set(...)
रोज का लक्ष्य 30 घंटे jarvis,hi,goal.set,goals.set(...)
टारगेट 25 घंटे करो,hi,goal.set,goals.set(...)
jarvis टारगेट 25 घंटे करो,hi,goal.set,goals.set(...)
टारगेट 25 घंटे करो jarvis,hi,goal.set,goals.set(...)
टारगेट 30 घंटे करो,hi,goal.set,goals.set(...)
jarvis टारगेट 30 घंटे करो,hi,goal.set,goals.set(...)
टारगेट 30 घंटे करो jarvis,hi,goal.set,goals.set(...)
डेली गोल 25,hi,goal.set,goals.set(...)
jarvis डेली गोल 25,hi,goal.set,goals.set(...)
डेली गोल 25 jarvis,hi,goal.set,goals.set(...)
डेली गोल 30,hi,goal.set,goals.set(...)
jarvis डेली गोल 30,hi,goal.set,goals.set(...)
डेली गोल 30 jarvis,hi,goal.set,goals.set(...)
daily goal 25 ghante set karo,hinglish,goal.set,goals.set(...)
jarvis daily goal 25 ghante set karo,hinglish,goal.set,goals.set(...)
daily goal 25 ghante set karo jarvis,hinglish,goal.set,goals.set(...)
daily goal 30 ghante set karo,hinglish,goal.set,goals.set(...)
jarvis daily goal 30 ghante set karo,hinglish,goal.set,goals.set(...)
daily goal 30 ghante set karo jarvis,hinglish,goal.set,goals.set(...)
target 25 hours,hinglish,goal.set,goals.set(...)
jarvis target 25 hours,hinglish,goal.set,goals.set(...)
target 25 hours jarvis,hinglish,goal.set,goals.set(...)
target 30 hours,hinglish,goal.set,goals.set(...)
jarvis target 30 hours,hinglish,goal.set,goals.set(...)
target 30 hours jarvis,hinglish,goal.set,goals.set(...)
roz ka goal 25,hinglish,goal.set,goals.set(...)
jarvis roz ka goal 25,hinglish,goal.set,goals.set(...)
roz ka goal 25 jarvis,hinglish,goal.set,goals.set(...)
roz ka goal 30,hinglish,goal.set,goals.set(...)
jarvis roz ka goal 30,hinglish,goal.set,goals.set(...)
roz ka goal 30 jarvis,hinglish,goal.set,goals.set(...)
what's my week look like,en,cal.week,calendar.week()
jarvis what's my week look like,en,cal.week,calendar.week()
what's my week look like jarvis,en,cal.week,calendar.week()
show this week,en,cal.week,calendar.week()
jarvis show this week,en,cal.week,calendar.week()
show this week jarvis,en,cal.week,calendar.week()
week ka schedule,en,cal.week,calendar.week()
jarvis week ka schedule,en,cal.week,calendar.week()
week ka schedule jarvis,en,cal.week,calendar.week()
इस हफ्ते क्या है,hi,cal.week,calendar.week()
jarvis इस हफ्ते क्या है,hi,cal.week,calendar.week()
इस हफ्ते क्या है jarvis,hi,cal.week,calendar.week()
हफ्ते का शेड्यूल,hi,cal.week,calendar.week()
jarvis हफ्ते का शेड्यूल,hi,cal.week,calendar.week()
हफ्ते का शेड्यूल jarvis,hi,cal.week,calendar.week()
वीक दिखाओ,hi,cal.week,calendar.week()
jarvis वीक दिखाओ,hi,cal.week,calendar.week()
वीक दिखाओ jarvis,hi,cal.week,calendar.week()
is hafte kya hai,hinglish,cal.week,calendar.week()
jarvis is hafte kya hai,hinglish,cal.week,calendar.week()
is hafte kya hai jarvis,hinglish,cal.week,calendar.week()
week ka schedule dikhao,hinglish,cal.week,calendar.week()
jarvis week ka schedule dikhao,hinglish,cal.week,calendar.week()
week ka schedule dikhao jarvis,hinglish,cal.week,calendar.week()
poora week batao,hinglish,cal.week,calendar.week()
jarvis poora week batao,hinglish,cal.week,calendar.week()
poora week batao jarvis,hinglish,cal.week,calendar.week()
how many days to prelims,en,cd.prelims,countdown.show('prelims')
jarvis how many days to prelims,en,cd.prelims,countdown.show('prelims')
how many days to prelims jarvis,en,cd.prelims,countdown.show('prelims')
prelims countdown,en,cd.prelims,countdown.show('prelims')
jarvis prelims countdown,en,cd.prelims,countdown.show('prelims')
prelims countdown jarvis,en,cd.prelims,countdown.show('prelims')
days left for prelims,en,cd.prelims,countdown.show('prelims')
jarvis days left for prelims,en,cd.prelims,countdown.show('prelims')
days left for prelims jarvis,en,cd.prelims,countdown.show('prelims')
प्रीलिम्स में कितने दिन,hi,cd.prelims,countdown.show('prelims')
jarvis प्रीलिम्स में कितने दिन,hi,cd.prelims,countdown.show('prelims')
प्रीलिम्स में कितने दिन jarvis,hi,cd.prelims,countdown.show('prelims')
प्रीलिम्स काउंटडाउन,hi,cd.prelims,countdown.show('prelims')
jarvis प्रीलिम्स काउंटडाउन,hi,cd.prelims,countdown.show('prelims')
प्रीलिम्स काउंटडाउन jarvis,hi,cd.prelims,countdown.show('prelims')
प्रीलिम्स में कितना बचा,hi,cd.prelims,countdown.show('prelims')
jarvis प्रीलिम्स में कितना बचा,hi,cd.prelims,countdown.show('prelims')
प्रीलिम्स में कितना बचा jarvis,hi,cd.prelims,countdown.show('prelims')
prelims mein kitne din,hinglish,cd.prelims,countdown.show('prelims')
jarvis prelims mein kitne din,hinglish,cd.prelims,countdown.show('prelims')
prelims mein kitne din jarvis,hinglish,cd.prelims,countdown.show('prelims')
prelims countdown batao,hinglish,cd.prelims,countdown.show('prelims')
jarvis prelims countdown batao,hinglish,cd.prelims,countdown.show('prelims')
prelims countdown batao jarvis,hinglish,cd.prelims,countdown.show('prelims')
prelims mein kitna bacha,hinglish,cd.prelims,countdown.show('prelims')
jarvis prelims mein kitna bacha,hinglish,cd.prelims,countdown.show('prelims')
prelims mein kitna bacha jarvis,hinglish,cd.prelims,countdown.show('prelims')
give me today's briefing,en,brief.today,core.briefing()
jarvis give me today's briefing,en,brief.today,core.briefing()
give me today's briefing jarvis,en,brief.today,core.briefing()
brief me,en,brief.today,core.briefing()
jarvis brief me,en,brief.today,core.briefing()
brief me jarvis,en,brief.today,core.briefing()
what's my status today,en,brief.today,core.briefing()
jarvis what's my status today,en,brief.today,core.briefing()
what's my status today jarvis,en,brief.today,core.briefing()
आज का ब्रीफिंग दो,hi,brief.today,core.briefing()
jarvis आज का ब्रीफिंग दो,hi,brief.today,core.briefing()
आज का ब्रीफिंग दो jarvis,hi,brief.today,core.briefing()
ब्रीफ करो,hi,brief.today,core.briefing()
jarvis ब्रीफ करो,hi,brief.today,core.briefing()
ब्रीफ करो jarvis,hi,brief.today,core.briefing()
आज की स्थिति,hi,brief.today,core.briefing()
jarvis आज की स्थिति,hi,brief.today,core.briefing()
आज की स्थिति jarvis,hi,brief.today,core.briefing()
aaj ka briefing sunao,hinglish,brief.today,core.briefing()
jarvis aaj ka briefing sunao,hinglish,brief.today,core.briefing()
aaj ka briefing sunao jarvis,hinglish,brief.today,core.briefing()
brief karo,hinglish,brief.today,core.briefing()
jarvis brief karo,hinglish,brief.today,core.briefing()
brief karo jarvis,hinglish,brief.today,core.briefing()
aaj ka status batao,hinglish,brief.today,core.briefing()
jarvis aaj ka status batao,hinglish,brief.today,core.briefing()
aaj ka status batao jarvis,hinglish,brief.today,core.briefing()
motivate me,en,mot.motivate,motivation.show()
jarvis motivate me,en,mot.motivate,motivation.show()
motivate me jarvis,en,mot.motivate,motivation.show()
give me motivation,en,mot.motivate,motivation.show()
jarvis give me motivation,en,mot.motivate,motivation.show()
give me motivation jarvis,en,mot.motivate,motivation.show()
i need a push,en,mot.motivate,motivation.show()
jarvis i need a push,en,mot.motivate,motivation.show()
i need a push jarvis,en,mot.motivate,motivation.show()
मुझे प्रेरित करो,hi,mot.motivate,motivation.show()
jarvis मुझे प्रेरित करो,hi,mot.motivate,motivation.show()
मुझे प्रेरित करो jarvis,hi,mot.motivate,motivation.show()
मोटिवेशन दो,hi,mot.motivate,motivation.show()
jarvis मोटिवेशन दो,hi,mot.motivate,motivation.show()
मोटिवेशन दो jarvis,hi,mot.motivate,motivation.show()
हिम्मत दो,hi,mot.motivate,motivation.show()
jarvis हिम्मत दो,hi,mot.motivate,motivation.show()
हिम्मत दो jarvis,hi,mot.motivate,motivation.show()
motivate karo,hinglish,mot.motivate,motivation.show()
jarvis motivate karo,hinglish,mot.motivate,motivation.show()
motivate karo jarvis,hinglish,mot.motivate,motivation.show()
motivation do,hinglish,mot.motivate,motivation.show()
jarvis motivation do,hinglish,mot.motivate,motivation.show()
motivation do jarvis,hinglish,mot.motivate,motivation.show()
thoda push do,hinglish,mot.motivate,motivation.show()
jarvis thoda push do,hinglish,mot.motivate,motivation.show()
thoda push do jarvis,hinglish,mot.motivate,motivation.show()
turn on focus mode,en,env.focusMode,ui.focusMode(on)
jarvis turn on focus mode,en,env.focusMode,ui.focusMode(on)
turn on focus mode jarvis,en,env.focusMode,ui.focusMode(on)
switch to focus mode,en,env.focusMode,ui.focusMode(on)
jarvis switch to focus mode,en,env.focusMode,ui.focusMode(on)
switch to focus mode jarvis,en,env.focusMode,ui.focusMode(on)
calm the screen,en,env.focusMode,ui.focusMode(on)
jarvis calm the screen,en,env.focusMode,ui.focusMode(on)
calm the screen jarvis,en,env.focusMode,ui.focusMode(on)
फोकस मोड चालू करो,hi,env.focusMode,ui.focusMode(on)
jarvis फोकस मोड चालू करो,hi,env.focusMode,ui.focusMode(on)
फोकस मोड चालू करो jarvis,hi,env.focusMode,ui.focusMode(on)
फोकस मोड में जाओ,hi,env.focusMode,ui.focusMode(on)
jarvis फोकस मोड में जाओ,hi,env.focusMode,ui.focusMode(on)
फोकस मोड में जाओ jarvis,hi,env.focusMode,ui.focusMode(on)
स्क्रीन शांत करो,hi,env.focusMode,ui.focusMode(on)
jarvis स्क्रीन शांत करो,hi,env.focusMode,ui.focusMode(on)
स्क्रीन शांत करो jarvis,hi,env.focusMode,ui.focusMode(on)
focus mode on karo,hinglish,env.focusMode,ui.focusMode(on)
jarvis focus mode on karo,hinglish,env.focusMode,ui.focusMode(on)
focus mode on karo jarvis,hinglish,env.focusMode,ui.focusMode(on)
focus mode mein jao,hinglish,env.focusMode,ui.focusMode(on)
jarvis focus mode mein jao,hinglish,env.focusMode,ui.focusMode(on)
focus mode mein jao jarvis,hinglish,env.focusMode,ui.focusMode(on)
screen calm karo,hinglish,env.focusMode,ui.focusMode(on)
jarvis screen calm karo,hinglish,env.focusMode,ui.focusMode(on)
screen calm karo jarvis,hinglish,env.focusMode,ui.focusMode(on)
change theme to blue,en,env.theme,ui.setAccent(c)
jarvis change theme to blue,en,env.theme,ui.setAccent(c)
change theme to blue jarvis,en,env.theme,ui.setAccent(c)
change theme to teal,en,env.theme,ui.setAccent(c)
jarvis change theme to teal,en,env.theme,ui.setAccent(c)
change theme to teal jarvis,en,env.theme,ui.setAccent(c)
set accent blue,en,env.theme,ui.setAccent(c)
jarvis set accent blue,en,env.theme,ui.setAccent(c)
set accent blue jarvis,en,env.theme,ui.setAccent(c)
set accent teal,en,env.theme,ui.setAccent(c)
jarvis set accent teal,en,env.theme,ui.setAccent(c)
set accent teal jarvis,en,env.theme,ui.setAccent(c)
make it blue,en,env.theme,ui.setAccent(c)
jarvis make it blue,en,env.theme,ui.setAccent(c)
make it blue jarvis,en,env.theme,ui.setAccent(c)
make it teal,en,env.theme,ui.setAccent(c)
jarvis make it teal,en,env.theme,ui.setAccent(c)
make it teal jarvis,en,env.theme,ui.setAccent(c)
थीम blue करो,hi,env.theme,ui.setAccent(c)
jarvis थीम blue करो,hi,env.theme,ui.setAccent(c)
थीम blue करो jarvis,hi,env.theme,ui.setAccent(c)
थीम teal करो,hi,env.theme,ui.setAccent(c)
jarvis थीम teal करो,hi,env.theme,ui.setAccent(c)
थीम teal करो jarvis,hi,env.theme,ui.setAccent(c)
एक्सेंट blue सेट करो,hi,env.theme,ui.setAccent(c)
jarvis एक्सेंट blue सेट करो,hi,env.theme,ui.setAccent(c)
एक्सेंट blue सेट करो jarvis,hi,env.theme,ui.setAccent(c)
एक्सेंट teal सेट करो,hi,env.theme,ui.setAccent(c)
jarvis एक्सेंट teal सेट करो,hi,env.theme,ui.setAccent(c)
एक्सेंट teal सेट करो jarvis,hi,env.theme,ui.setAccent(c)
इसे blue बनाओ,hi,env.theme,ui.setAccent(c)
jarvis इसे blue बनाओ,hi,env.theme,ui.setAccent(c)
इसे blue बनाओ jarvis,hi,env.theme,ui.setAccent(c)
इसे teal बनाओ,hi,env.theme,ui.setAccent(c)
jarvis इसे teal बनाओ,hi,env.theme,ui.setAccent(c)
इसे teal बनाओ jarvis,hi,env.theme,ui.setAccent(c)
theme blue kar do,hinglish,env.theme,ui.setAccent(c)
jarvis theme blue kar do,hinglish,env.theme,ui.setAccent(c)
theme blue kar do jarvis,hinglish,env.theme,ui.setAccent(c)
theme teal kar do,hinglish,env.theme,ui.setAccent(c)
jarvis theme teal kar do,hinglish,env.theme,ui.setAccent(c)
theme teal kar do jarvis,hinglish,env.theme,ui.setAccent(c)
accent blue set karo,hinglish,env.theme,ui.setAccent(c)
jarvis accent blue set karo,hinglish,env.theme,ui.setAccent(c)
accent blue set karo jarvis,hinglish,env.theme,ui.setAccent(c)
accent teal set karo,hinglish,env.theme,ui.setAccent(c)
jarvis accent teal set karo,hinglish,env.theme,ui.setAccent(c)
accent teal set karo jarvis,hinglish,env.theme,ui.setAccent(c)
isko blue banao,hinglish,env.theme,ui.setAccent(c)
jarvis isko blue banao,hinglish,env.theme,ui.setAccent(c)
isko blue banao jarvis,hinglish,env.theme,ui.setAccent(c)
isko teal banao,hinglish,env.theme,ui.setAccent(c)
jarvis isko teal banao,hinglish,env.theme,ui.setAccent(c)
isko teal banao jarvis,hinglish,env.theme,ui.setAccent(c)
note this down,en,cap.note,inbox.add(t)
jarvis note this down,en,cap.note,inbox.add(t)
note this down jarvis,en,cap.note,inbox.add(t)
capture this,en,cap.note,inbox.add(t)
jarvis capture this,en,cap.note,inbox.add(t)
capture this jarvis,en,cap.note,inbox.add(t)
quick note,en,cap.note,inbox.add(t)
jarvis quick note,en,cap.note,inbox.add(t)
quick note jarvis,en,cap.note,inbox.add(t)
ये नोट करो,hi,cap.note,inbox.add(t)
jarvis ये नोट करो,hi,cap.note,inbox.add(t)
ये नोट करो jarvis,hi,cap.note,inbox.add(t)
लिख लो,hi,cap.note,inbox.add(t)
jarvis लिख लो,hi,cap.note,inbox.add(t)
लिख लो jarvis,hi,cap.note,inbox.add(t)
क्विक नोट,hi,cap.note,inbox.add(t)
jarvis क्विक नोट,hi,cap.note,inbox.add(t)
क्विक नोट jarvis,hi,cap.note,inbox.add(t)
ye note kar lo,hinglish,cap.note,inbox.add(t)
jarvis ye note kar lo,hinglish,cap.note,inbox.add(t)
ye note kar lo jarvis,hinglish,cap.note,inbox.add(t)
likh lo,hinglish,cap.note,inbox.add(t)
jarvis likh lo,hinglish,cap.note,inbox.add(t)
likh lo jarvis,hinglish,cap.note,inbox.add(t)
quick note add karo,hinglish,cap.note,inbox.add(t)
jarvis quick note add karo,hinglish,cap.note,inbox.add(t)
quick note add karo jarvis,hinglish,cap.note,inbox.add(t)
find the lecture on fundamental rights,en,search.lecture,search.lecture(q)
jarvis find the lecture on fundamental rights,en,search.lecture,search.lecture(q)
find the lecture on fundamental rights jarvis,en,search.lecture,search.lecture(q)
find the lecture on fiscal deficit,en,search.lecture,search.lecture(q)
jarvis find the lecture on fiscal deficit,en,search.lecture,search.lecture(q)
find the lecture on fiscal deficit jarvis,en,search.lecture,search.lecture(q)
search lectures for fundamental rights,en,search.lecture,search.lecture(q)
jarvis search lectures for fundamental rights,en,search.lecture,search.lecture(q)
search lectures for fundamental rights jarvis,en,search.lecture,search.lecture(q)
search lectures for fiscal deficit,en,search.lecture,search.lecture(q)
jarvis search lectures for fiscal deficit,en,search.lecture,search.lecture(q)
search lectures for fiscal deficit jarvis,en,search.lecture,search.lecture(q)
where is fundamental rights lecture,en,search.lecture,search.lecture(q)
jarvis where is fundamental rights lecture,en,search.lecture,search.lecture(q)
where is fundamental rights lecture jarvis,en,search.lecture,search.lecture(q)
where is fiscal deficit lecture,en,search.lecture,search.lecture(q)
jarvis where is fiscal deficit lecture,en,search.lecture,search.lecture(q)
where is fiscal deficit lecture jarvis,en,search.lecture,search.lecture(q)
fundamental rights वाला लेक्चर ढूंढो,hi,search.lecture,search.lecture(q)
jarvis fundamental rights वाला लेक्चर ढूंढो,hi,search.lecture,search.lecture(q)
fundamental rights वाला लेक्चर ढूंढो jarvis,hi,search.lecture,search.lecture(q)
fiscal deficit वाला लेक्चर ढूंढो,hi,search.lecture,search.lecture(q)
jarvis fiscal deficit वाला लेक्चर ढूंढो,hi,search.lecture,search.lecture(q)
fiscal deficit वाला लेक्चर ढूंढो jarvis,hi,search.lecture,search.lecture(q)
fundamental rights लेक्चर खोजो,hi,search.lecture,search.lecture(q)
jarvis fundamental rights लेक्चर खोजो,hi,search.lecture,search.lecture(q)
fundamental rights लेक्चर खोजो jarvis,hi,search.lecture,search.lecture(q)
fiscal deficit लेक्चर खोजो,hi,search.lecture,search.lecture(q)
jarvis fiscal deficit लेक्चर खोजो,hi,search.lecture,search.lecture(q)
fiscal deficit लेक्चर खोजो jarvis,hi,search.lecture,search.lecture(q)
fundamental rights का लेक्चर कहाँ,hi,search.lecture,search.lecture(q)
jarvis fundamental rights का लेक्चर कहाँ,hi,search.lecture,search.lecture(q)
fundamental rights का लेक्चर कहाँ jarvis,hi,search.lecture,search.lecture(q)
fiscal deficit का लेक्चर कहाँ,hi,search.lecture,search.lecture(q)
jarvis fiscal deficit का लेक्चर कहाँ,hi,search.lecture,search.lecture(q)
fiscal deficit का लेक्चर कहाँ jarvis,hi,search.lecture,search.lecture(q)
fundamental rights wala lecture dhundo,hinglish,search.lecture,search.lecture(q)
jarvis fundamental rights wala lecture dhundo,hinglish,search.lecture,search.lecture(q)
fundamental rights wala lecture dhundo jarvis,hinglish,search.lecture,search.lecture(q)
fiscal deficit wala lecture dhundo,hinglish,search.lecture,search.lecture(q)
jarvis fiscal deficit wala lecture dhundo,hinglish,search.lecture,search.lecture(q)
fiscal deficit wala lecture dhundo jarvis,hinglish,search.lecture,search.lecture(q)
fundamental rights lecture search karo,hinglish,search.lecture,search.lecture(q)
jarvis fundamental rights lecture search karo,hinglish,search.lecture,search.lecture(q)
fundamental rights lecture search karo jarvis,hinglish,search.lecture,search.lecture(q)
fiscal deficit lecture search karo,hinglish,search.lecture,search.lecture(q)
jarvis fiscal deficit lecture search karo,hinglish,search.lecture,search.lecture(q)
fiscal deficit lecture search karo jarvis,hinglish,search.lecture,search.lecture(q)
fundamental rights ka lecture kahan,hinglish,search.lecture,search.lecture(q)
jarvis fundamental rights ka lecture kahan,hinglish,search.lecture,search.lecture(q)
fundamental rights ka lecture kahan jarvis,hinglish,search.lecture,search.lecture(q)
fiscal deficit ka lecture kahan,hinglish,search.lecture,search.lecture(q)
jarvis fiscal deficit ka lecture kahan,hinglish,search.lecture,search.lecture(q)
fiscal deficit ka lecture kahan jarvis,hinglish,search.lecture,search.lecture(q)
export to excel,en,exp.excel,export.excel()
jarvis export to excel,en,exp.excel,export.excel()
export to excel jarvis,en,exp.excel,export.excel()
download my data as excel,en,exp.excel,export.excel()
jarvis download my data as excel,en,exp.excel,export.excel()
download my data as excel jarvis,en,exp.excel,export.excel()
give me the excel,en,exp.excel,export.excel()
jarvis give me the excel,en,exp.excel,export.excel()
give me the excel jarvis,en,exp.excel,export.excel()
एक्सेल में निर्यात करो,hi,exp.excel,export.excel()
jarvis एक्सेल में निर्यात करो,hi,exp.excel,export.excel()
एक्सेल में निर्यात करो jarvis,hi,exp.excel,export.excel()
डेटा एक्सेल में दो,hi,exp.excel,export.excel()
jarvis डेटा एक्सेल में दो,hi,exp.excel,export.excel()
डेटा एक्सेल में दो jarvis,hi,exp.excel,export.excel()
एक्सेल डाउनलोड करो,hi,exp.excel,export.excel()
jarvis एक्सेल डाउनलोड करो,hi,exp.excel,export.excel()
एक्सेल डाउनलोड करो jarvis,hi,exp.excel,export.excel()
excel mein export karo,hinglish,exp.excel,export.excel()
jarvis excel mein export karo,hinglish,exp.excel,export.excel()
excel mein export karo jarvis,hinglish,exp.excel,export.excel()
data excel mein do,hinglish,exp.excel,export.excel()
jarvis data excel mein do,hinglish,exp.excel,export.excel()
data excel mein do jarvis,hinglish,exp.excel,export.excel()
excel download karo,hinglish,exp.excel,export.excel()
jarvis excel download karo,hinglish,exp.excel,export.excel()
excel download karo jarvis,hinglish,exp.excel,export.excel()
backup my data,en,exp.backup,export.backup()
jarvis backup my data,en,exp.backup,export.backup()
backup my data jarvis,en,exp.backup,export.backup()
save a backup,en,exp.backup,export.backup()
jarvis save a backup,en,exp.backup,export.backup()
save a backup jarvis,en,exp.backup,export.backup()
backup everything,en,exp.backup,export.backup()
jarvis backup everything,en,exp.backup,export.backup()
backup everything jarvis,en,exp.backup,export.backup()
डेटा बैकअप करो,hi,exp.backup,export.backup()
jarvis डेटा बैकअप करो,hi,exp.backup,export.backup()
डेटा बैकअप करो jarvis,hi,exp.backup,export.backup()
बैकअप सेव करो,hi,exp.backup,export.backup()
jarvis बैकअप सेव करो,hi,exp.backup,export.backup()
बैकअप सेव करो jarvis,hi,exp.backup,export.backup()
सब बैकअप करो,hi,exp.backup,export.backup()
jarvis सब बैकअप करो,hi,exp.backup,export.backup()
सब बैकअप करो jarvis,hi,exp.backup,export.backup()
data backup karo,hinglish,exp.backup,export.backup()
jarvis data backup karo,hinglish,exp.backup,export.backup()
data backup karo jarvis,hinglish,exp.backup,export.backup()
backup save karo,hinglish,exp.backup,export.backup()
jarvis backup save karo,hinglish,exp.backup,export.backup()
backup save karo jarvis,hinglish,exp.backup,export.backup()
sab backup kar do,hinglish,exp.backup,export.backup()
jarvis sab backup kar do,hinglish,exp.backup,export.backup()
sab backup kar do jarvis,hinglish,exp.backup,export.backup()
switch to english,en,sys.lang,voice.setLanguage(l)
jarvis switch to english,en,sys.lang,voice.setLanguage(l)
switch to english jarvis,en,sys.lang,voice.setLanguage(l)
switch to hindi,en,sys.lang,voice.setLanguage(l)
jarvis switch to hindi,en,sys.lang,voice.setLanguage(l)
switch to hindi jarvis,en,sys.lang,voice.setLanguage(l)
speak in english,en,sys.lang,voice.setLanguage(l)
jarvis speak in english,en,sys.lang,voice.setLanguage(l)
speak in english jarvis,en,sys.lang,voice.setLanguage(l)
speak in hindi,en,sys.lang,voice.setLanguage(l)
jarvis speak in hindi,en,sys.lang,voice.setLanguage(l)
speak in hindi jarvis,en,sys.lang,voice.setLanguage(l)
talk to me in english,en,sys.lang,voice.setLanguage(l)
jarvis talk to me in english,en,sys.lang,voice.setLanguage(l)
talk to me in english jarvis,en,sys.lang,voice.setLanguage(l)
talk to me in hindi,en,sys.lang,voice.setLanguage(l)
jarvis talk to me in hindi,en,sys.lang,voice.setLanguage(l)
talk to me in hindi jarvis,en,sys.lang,voice.setLanguage(l)
english में बोलो,hi,sys.lang,voice.setLanguage(l)
jarvis english में बोलो,hi,sys.lang,voice.setLanguage(l)
english में बोलो jarvis,hi,sys.lang,voice.setLanguage(l)
hindi में बोलो,hi,sys.lang,voice.setLanguage(l)
jarvis hindi में बोलो,hi,sys.lang,voice.setLanguage(l)
hindi में बोलो jarvis,hi,sys.lang,voice.setLanguage(l)
english में बात करो,hi,sys.lang,voice.setLanguage(l)
jarvis english में बात करो,hi,sys.lang,voice.setLanguage(l)
english में बात करो jarvis,hi,sys.lang,voice.setLanguage(l)
hindi में बात करो,hi,sys.lang,voice.setLanguage(l)
jarvis hindi में बात करो,hi,sys.lang,voice.setLanguage(l)
hindi में बात करो jarvis,hi,sys.lang,voice.setLanguage(l)
भाषा english करो,hi,sys.lang,voice.setLanguage(l)
jarvis भाषा english करो,hi,sys.lang,voice.setLanguage(l)
भाषा english करो jarvis,hi,sys.lang,voice.setLanguage(l)
भाषा hindi करो,hi,sys.lang,voice.setLanguage(l)
jarvis भाषा hindi करो,hi,sys.lang,voice.setLanguage(l)
भाषा hindi करो jarvis,hi,sys.lang,voice.setLanguage(l)
english mein switch karo,hinglish,sys.lang,voice.setLanguage(l)
jarvis english mein switch karo,hinglish,sys.lang,voice.setLanguage(l)
english mein switch karo jarvis,hinglish,sys.lang,voice.setLanguage(l)
hindi mein switch karo,hinglish,sys.lang,voice.setLanguage(l)
jarvis hindi mein switch karo,hinglish,sys.lang,voice.setLanguage(l)
hindi mein switch karo jarvis,hinglish,sys.lang,voice.setLanguage(l)
english mein bolo,hinglish,sys.lang,voice.setLanguage(l)
jarvis english mein bolo,hinglish,sys.lang,voice.setLanguage(l)
english mein bolo jarvis,hinglish,sys.lang,voice.setLanguage(l)
hindi mein bolo,hinglish,sys.lang,voice.setLanguage(l)
jarvis hindi mein bolo,hinglish,sys.lang,voice.setLanguage(l)
hindi mein bolo jarvis,hinglish,sys.lang,voice.setLanguage(l)
language english karo,hinglish,sys.lang,voice.setLanguage(l)
jarvis language english karo,hinglish,sys.lang,voice.setLanguage(l)
language english karo jarvis,hinglish,sys.lang,voice.setLanguage(l)
language hindi karo,hinglish,sys.lang,voice.setLanguage(l)
jarvis language hindi karo,hinglish,sys.lang,voice.setLanguage(l)
language hindi karo jarvis,hinglish,sys.lang,voice.setLanguage(l)
say that again,en,sys.repeat,voice.repeatLast()
jarvis say that again,en,sys.repeat,voice.repeatLast()
say that again jarvis,en,sys.repeat,voice.repeatLast()
repeat,en,sys.repeat,voice.repeatLast()
jarvis repeat,en,sys.repeat,voice.repeatLast()
repeat jarvis,en,sys.repeat,voice.repeatLast()
what did you say,en,sys.repeat,voice.repeatLast()
jarvis what did you say,en,sys.repeat,voice.repeatLast()
what did you say jarvis,en,sys.repeat,voice.repeatLast()
फिर से बोलो,hi,sys.repeat,voice.repeatLast()
jarvis फिर से बोलो,hi,sys.repeat,voice.repeatLast()
फिर से बोलो jarvis,hi,sys.repeat,voice.repeatLast()
दोहराओ,hi,sys.repeat,voice.repeatLast()
jarvis दोहराओ,hi,sys.repeat,voice.repeatLast()
दोहराओ jarvis,hi,sys.repeat,voice.repeatLast()
क्या कहा तुमने,hi,sys.repeat,voice.repeatLast()
jarvis क्या कहा तुमने,hi,sys.repeat,voice.repeatLast()
क्या कहा तुमने jarvis,hi,sys.repeat,voice.repeatLast()
dobara bolo,hinglish,sys.repeat,voice.repeatLast()
jarvis dobara bolo,hinglish,sys.repeat,voice.repeatLast()
dobara bolo jarvis,hinglish,sys.repeat,voice.repeatLast()
repeat karo,hinglish,sys.repeat,voice.repeatLast()
jarvis repeat karo,hinglish,sys.repeat,voice.repeatLast()
repeat karo jarvis,hinglish,sys.repeat,voice.repeatLast()
kya bola tune,hinglish,sys.repeat,voice.repeatLast()
jarvis kya bola tune,hinglish,sys.repeat,voice.repeatLast()
kya bola tune jarvis,hinglish,sys.repeat,voice.repeatLast()
stop listening,en,sys.sleep,voice.stopListening()
jarvis stop listening,en,sys.sleep,voice.stopListening()
stop listening jarvis,en,sys.sleep,voice.stopListening()
go to sleep,en,sys.sleep,voice.stopListening()
jarvis go to sleep,en,sys.sleep,voice.stopListening()
go to sleep jarvis,en,sys.sleep,voice.stopListening()
that's all,en,sys.sleep,voice.stopListening()
jarvis that's all,en,sys.sleep,voice.stopListening()
that's all jarvis,en,sys.sleep,voice.stopListening()
सुनना बंद करो,hi,sys.sleep,voice.stopListening()
jarvis सुनना बंद करो,hi,sys.sleep,voice.stopListening()
सुनना बंद करो jarvis,hi,sys.sleep,voice.stopListening()
सो जाओ,hi,sys.sleep,voice.stopListening()
jarvis सो जाओ,hi,sys.sleep,voice.stopListening()
सो जाओ jarvis,hi,sys.sleep,voice.stopListening()
बस इतना,hi,sys.sleep,voice.stopListening()
jarvis बस इतना,hi,sys.sleep,voice.stopListening()
बस इतना jarvis,hi,sys.sleep,voice.stopListening()
sun-na band karo,hinglish,sys.sleep,voice.stopListening()
jarvis sun-na band karo,hinglish,sys.sleep,voice.stopListening()
sun-na band karo jarvis,hinglish,sys.sleep,voice.stopListening()
so jao,hinglish,sys.sleep,voice.stopListening()
jarvis so jao,hinglish,sys.sleep,voice.stopListening()
so jao jarvis,hinglish,sys.sleep,voice.stopListening()
bas itna,hinglish,sys.sleep,voice.stopListening()
jarvis bas itna,hinglish,sys.sleep,voice.stopListening()
bas itna jarvis,hinglish,sys.sleep,voice.stopListening()
what can you do,en,sys.help,voice.help()
jarvis what can you do,en,sys.help,voice.help()
what can you do jarvis,en,sys.help,voice.help()
help,en,sys.help,voice.help()
jarvis help,en,sys.help,voice.help()
help jarvis,en,sys.help,voice.help()
list your commands,en,sys.help,voice.help()
jarvis list your commands,en,sys.help,voice.help()
list your commands jarvis,en,sys.help,voice.help()
तुम क्या कर सकते हो,hi,sys.help,voice.help()
jarvis तुम क्या कर सकते हो,hi,sys.help,voice.help()
तुम क्या कर सकते हो jarvis,hi,sys.help,voice.help()
मदद,hi,sys.help,voice.help()
jarvis मदद,hi,sys.help,voice.help()
मदद jarvis,hi,sys.help,voice.help()
कमांड बताओ,hi,sys.help,voice.help()
jarvis कमांड बताओ,hi,sys.help,voice.help()
कमांड बताओ jarvis,hi,sys.help,voice.help()
tum kya kar sakte ho,hinglish,sys.help,voice.help()
jarvis tum kya kar sakte ho,hinglish,sys.help,voice.help()
tum kya kar sakte ho jarvis,hinglish,sys.help,voice.help()
help karo,hinglish,sys.help,voice.help()
jarvis help karo,hinglish,sys.help,voice.help()
help karo jarvis,hinglish,sys.help,voice.help()
commands batao,hinglish,sys.help,voice.help()
jarvis commands batao,hinglish,sys.help,voice.help()
commands batao jarvis,hinglish,sys.help,voice.help()
explain fundamental rights,en,qa.answer,groq.answer(q)  // UPSC tutor
jarvis explain fundamental rights,en,qa.answer,groq.answer(q)  // UPSC tutor
explain fundamental rights jarvis,en,qa.answer,groq.answer(q)  // UPSC tutor
explain fiscal deficit,en,qa.answer,groq.answer(q)  // UPSC tutor
jarvis explain fiscal deficit,en,qa.answer,groq.answer(q)  // UPSC tutor
explain fiscal deficit jarvis,en,qa.answer,groq.answer(q)  // UPSC tutor
what is fundamental rights,en,qa.answer,groq.answer(q)  // UPSC tutor
jarvis what is fundamental rights,en,qa.answer,groq.answer(q)  // UPSC tutor
what is fundamental rights jarvis,en,qa.answer,groq.answer(q)  // UPSC tutor
what is fiscal deficit,en,qa.answer,groq.answer(q)  // UPSC tutor
jarvis what is fiscal deficit,en,qa.answer,groq.answer(q)  // UPSC tutor
what is fiscal deficit jarvis,en,qa.answer,groq.answer(q)  // UPSC tutor
tell me about fundamental rights,en,qa.answer,groq.answer(q)  // UPSC tutor
jarvis tell me about fundamental rights,en,qa.answer,groq.answer(q)  // UPSC tutor
tell me about fundamental rights jarvis,en,qa.answer,groq.answer(q)  // UPSC tutor
tell me about fiscal deficit,en,qa.answer,groq.answer(q)  // UPSC tutor
jarvis tell me about fiscal deficit,en,qa.answer,groq.answer(q)  // UPSC tutor
tell me about fiscal deficit jarvis,en,qa.answer,groq.answer(q)  // UPSC tutor
clear my doubt on fundamental rights,en,qa.answer,groq.answer(q)  // UPSC tutor
jarvis clear my doubt on fundamental rights,en,qa.answer,groq.answer(q)  // UPSC tutor
clear my doubt on fundamental rights jarvis,en,qa.answer,groq.answer(q)  // UPSC tutor
clear my doubt on fiscal deficit,en,qa.answer,groq.answer(q)  // UPSC tutor
jarvis clear my doubt on fiscal deficit,en,qa.answer,groq.answer(q)  // UPSC tutor
clear my doubt on fiscal deficit jarvis,en,qa.answer,groq.answer(q)  // UPSC tutor
fundamental rights समझाओ,hi,qa.answer,groq.answer(q)  // UPSC tutor
jarvis fundamental rights समझाओ,hi,qa.answer,groq.answer(q)  // UPSC tutor
fundamental rights समझाओ jarvis,hi,qa.answer,groq.answer(q)  // UPSC tutor
fiscal deficit समझाओ,hi,qa.answer,groq.answer(q)  // UPSC tutor
jarvis fiscal deficit समझाओ,hi,qa.answer,groq.answer(q)  // UPSC tutor
fiscal deficit समझाओ jarvis,hi,qa.answer,groq.answer(q)  // UPSC tutor
fundamental rights क्या है,hi,qa.answer,groq.answer(q)  // UPSC tutor
jarvis fundamental rights क्या है,hi,qa.answer,groq.answer(q)  // UPSC tutor
fundamental rights क्या है jarvis,hi,qa.answer,groq.answer(q)  // UPSC tutor
fiscal deficit क्या है,hi,qa.answer,groq.answer(q)  // UPSC tutor
jarvis fiscal deficit क्या है,hi,qa.answer,groq.answer(q)  // UPSC tutor
fiscal deficit क्या है jarvis,hi,qa.answer,groq.answer(q)  // UPSC tutor
fundamental rights के बारे में बताओ,hi,qa.answer,groq.answer(q)  // UPSC tutor
jarvis fundamental rights के बारे में बताओ,hi,qa.answer,groq.answer(q)  // UPSC tutor
fundamental rights के बारे में बताओ jarvis,hi,qa.answer,groq.answer(q)  // UPSC tutor
fiscal deficit के बारे में बताओ,hi,qa.answer,groq.answer(q)  // UPSC tutor
jarvis fiscal deficit के बारे में बताओ,hi,qa.answer,groq.answer(q)  // UPSC tutor
fiscal deficit के बारे में बताओ jarvis,hi,qa.answer,groq.answer(q)  // UPSC tutor
fundamental rights पर संदेह दूर करो,hi,qa.answer,groq.answer(q)  // UPSC tutor
jarvis fundamental rights पर संदेह दूर करो,hi,qa.answer,groq.answer(q)  // UPSC tutor
fundamental rights पर संदेह दूर करो jarvis,hi,qa.answer,groq.answer(q)  // UPSC tutor
fiscal deficit पर संदेह दूर करो,hi,qa.answer,groq.answer(q)  // UPSC tutor
jarvis fiscal deficit पर संदेह दूर करो,hi,qa.answer,groq.answer(q)  // UPSC tutor
fiscal deficit पर संदेह दूर करो jarvis,hi,qa.answer,groq.answer(q)  // UPSC tutor
fundamental rights samjhao,hinglish,qa.answer,groq.answer(q)  // UPSC tutor
jarvis fundamental rights samjhao,hinglish,qa.answer,groq.answer(q)  // UPSC tutor
fundamental rights samjhao jarvis,hinglish,qa.answer,groq.answer(q)  // UPSC tutor
fiscal deficit samjhao,hinglish,qa.answer,groq.answer(q)  // UPSC tutor
jarvis fiscal deficit samjhao,hinglish,qa.answer,groq.answer(q)  // UPSC tutor
fiscal deficit samjhao jarvis,hinglish,qa.answer,groq.answer(q)  // UPSC tutor
fundamental rights kya hai,hinglish,qa.answer,groq.answer(q)  // UPSC tutor
jarvis fundamental rights kya hai,hinglish,qa.answer,groq.answer(q)  // UPSC tutor
fundamental rights kya hai jarvis,hinglish,qa.answer,groq.answer(q)  // UPSC tutor
fiscal deficit kya hai,hinglish,qa.answer,groq.answer(q)  // UPSC tutor
jarvis fiscal deficit kya hai,hinglish,qa.answer,groq.answer(q)  // UPSC tutor
fiscal deficit kya hai jarvis,hinglish,qa.answer,groq.answer(q)  // UPSC tutor
fundamental rights ke bare mein batao,hinglish,qa.answer,groq.answer(q)  // UPSC tutor
jarvis fundamental rights ke bare mein batao,hinglish,qa.answer,groq.answer(q)  // UPSC tutor
fundamental rights ke bare mein batao jarvis,hinglish,qa.answer,groq.answer(q)  // UPSC tutor
fiscal deficit ke bare mein batao,hinglish,qa.answer,groq.answer(q)  // UPSC tutor
jarvis fiscal deficit ke bare mein batao,hinglish,qa.answer,groq.answer(q)  // UPSC tutor
fiscal deficit ke bare mein batao jarvis,hinglish,qa.answer,groq.answer(q)  // UPSC tutor
fundamental rights ka doubt clear karo,hinglish,qa.answer,groq.answer(q)  // UPSC tutor
jarvis fundamental rights ka doubt clear karo,hinglish,qa.answer,groq.answer(q)  // UPSC tutor
fundamental rights ka doubt clear karo jarvis,hinglish,qa.answer,groq.answer(q)  // UPSC tutor
fiscal deficit ka doubt clear karo,hinglish,qa.answer,groq.answer(q)  // UPSC tutor
jarvis fiscal deficit ka doubt clear karo,hinglish,qa.answer,groq.answer(q)  // UPSC tutor
fiscal deficit ka doubt clear karo jarvis,hinglish,qa.answer,groq.answer(q)  // UPSC tutor
